,gender,race,rural,christian,education,income,vaccine
1,2,1,1,1,0.166666667,0.272727273,1
2,2,2,2,2,0.166666667,0,1.5
3,2,1,3,2,0.166666667,0.272727273,1
4,1,1,1,2,0.333333333,0.545454545,1
5,2,1,2,2,0.333333333,0.909090909,1
6,2,1,2,2,0.5,0.272727273,1.25
7,2,1,2,2,0.166666667,0,1.75
8,2,1,2,1,0.666666667,0.545454545,1
9,1,1,3,2,0.666666667,0.454545455,1.25
10,1,1,2,1,0.833333333,0.909090909,1
11,1,2,1,2,0.166666667,0,1.25
12,1,1,3,1,0.166666667,0.090909091,1.25
13,1,1,2,1,0.666666667,0.272727273,2
14,2,1,3,2,0.5,0.090909091,2
15,2,1,2,2,0.666666667,0.454545455,1
16,2,1,2,1,0.666666667,0.909090909,1
17,2,2,1,2,0.333333333,0.181818182,2
18,1,1,2,1,0.333333333,0.181818182,1.25
19,2,2,1,2,0.333333333,0.363636364,1.5
20,2,1,2,2,0.166666667,0.272727273,1.5
21,2,1,2,2,0.833333333,0.454545455,1
22,2,1,3,1,0.166666667,0.090909091,1.25
23,1,1,2,2,0.5,0.454545455,1.5
24,2,1,2,2,0.833333333,0.727272727,1
25,2,1,1,2,0.166666667,0.454545455,1.75
26,1,2,1,1,0.166666667,0.272727273,1.5
27,1,1,1,2,0.666666667,0.545454545,1.25
28,2,2,1,1,0.166666667,1,2
30,2,1,2,1,0.666666667,0.090909091,1.25
31,2,1,2,2,0.666666667,0.545454545,1
32,1,1,1,1,0.333333333,0.636363636,1
33,2,1,3,2,0.166666667,0.363636364,1
34,1,1,2,2,0.666666667,0.727272727,1
35,2,1,2,2,0.833333333,0.818181818,2
36,1,1,2,1,0.166666667,0.272727273,1
37,2,1,2,2,0.666666667,0.727272727,1
38,2,1,2,2,0.333333333,0.818181818,1.25
39,2,1,3,2,0.166666667,0.454545455,1.5
40,2,1,2,2,0.666666667,0.818181818,1.5
41,2,1,3,2,0.666666667,1,1
42,1,2,3,2,0.166666667,0.090909091,2
43,2,1,2,2,0.5,0.545454545,1
44,1,2,2,2,0.833333333,0.090909091,1
45,1,1,2,2,0.166666667,0.545454545,1.5
46,1,1,2,1,0.833333333,1,2
47,2,2,2,2,0.833333333,0.636363636,1.25
48,1,1,3,1,0.666666667,0.272727273,1.25
49,2,1,3,2,0.166666667,0,1
50,2,1,2,2,0.666666667,0.363636364,1.25
51,1,1,3,2,0.166666667,0.090909091,1.5
52,2,1,2,1,0.5,0.181818182,1
53,2,1,2,1,0.666666667,1,1
54,1,1,2,1,0.333333333,0.545454545,1.25
55,1,1,1,2,0.666666667,0.818181818,1
56,1,1,3,1,0.333333333,0.181818182,1.75
57,2,2,1,2,0.5,0.181818182,2
58,1,1,1,2,0.166666667,0.363636364,1.25
59,1,2,2,2,0.666666667,0.454545455,2
60,2,2,1,2,0.166666667,0.363636364,2
61,1,1,2,2,0.166666667,0.909090909,1
62,1,1,3,1,0.5,0.272727273,1.25
63,2,1,3,1,0.666666667,0.090909091,2
64,2,2,1,2,0.833333333,0.636363636,1.75
65,2,1,1,1,0.5,0.181818182,1.25
67,2,1,3,2,0.666666667,0.181818182,1
68,2,1,3,2,0.333333333,0.363636364,1
69,1,1,2,1,0.833333333,0.909090909,1.75
70,2,1,2,2,0.166666667,0.636363636,1.25
71,1,1,1,2,0.166666667,0.181818182,1
72,2,1,2,2,0.833333333,0.363636364,1.25
73,2,1,3,2,0.5,0.090909091,2
74,1,1,2,2,1,0.545454545,1
75,1,1,2,2,0.666666667,0.454545455,1
76,2,2,3,2,0,0.272727273,1.5
77,2,1,2,1,0.333333333,0.636363636,2
78,2,2,2,2,0.166666667,0.272727273,1
79,2,1,3,2,0.166666667,0.636363636,1.25
80,2,2,2,1,0.166666667,0.090909091,2
81,1,2,1,1,0.166666667,0.272727273,1
82,2,1,2,2,0.166666667,0.090909091,1
83,1,1,2,2,0.333333333,0.272727273,1
84,2,1,2,1,0.833333333,0.272727273,1
85,2,1,2,1,0.333333333,0.272727273,1
86,2,1,2,2,0.666666667,0.363636364,1
87,2,1,3,1,0.666666667,0.727272727,1.5
88,1,1,1,1,0.5,0.090909091,1
89,1,1,2,1,0.666666667,0.818181818,2
90,1,2,1,2,0.5,0.181818182,1.75
91,2,1,2,1,0.333333333,0.818181818,2
92,1,1,1,2,0.833333333,0.909090909,1
93,1,1,3,2,0.166666667,0,1
94,1,2,2,2,0.166666667,0.454545455,1
95,2,1,1,2,0.333333333,1,2
96,2,1,3,2,0.333333333,0.090909091,1
97,2,1,2,2,0.166666667,0.363636364,1.75
98,1,2,1,2,0.666666667,0.818181818,1
99,2,1,2,1,0.5,0.181818182,1.75
100,2,1,2,1,0.333333333,0.181818182,2
101,1,1,2,2,0.5,0.545454545,1.25
102,1,1,2,2,0.166666667,0.181818182,1.5
103,2,2,2,2,0.166666667,0,2
104,2,1,2,2,0.166666667,0.090909091,1
105,2,1,3,2,0.166666667,0.181818182,2
106,1,1,1,2,0.333333333,0.181818182,1.75
107,1,1,1,2,0.833333333,1,1
108,1,1,3,2,0.5,0.181818182,1.5
109,2,1,2,2,0.666666667,0.454545455,1
110,1,1,2,1,0.166666667,0.272727273,1
111,2,1,2,2,0.333333333,0.181818182,1.5
112,1,1,3,2,0.333333333,0,1.5
113,2,1,2,2,0.333333333,0.272727273,2
114,1,1,1,2,1,0.727272727,1
115,2,1,2,2,0.166666667,0.272727273,1
116,1,1,2,2,0.166666667,0.272727273,1.5
117,1,1,2,2,0.333333333,0.363636364,1
118,1,1,3,2,0.666666667,0.909090909,1
119,1,1,3,2,0.333333333,0.818181818,2
120,1,1,2,2,0.666666667,0.727272727,1.25
121,2,1,3,1,0.5,0.454545455,1
122,2,1,1,2,0.666666667,0.181818182,1
123,2,1,2,2,0.666666667,0.909090909,1
124,1,1,3,2,0.333333333,0,1.25
125,2,1,1,2,0.333333333,0.090909091,1
126,1,1,2,2,0.666666667,0.818181818,1
127,1,1,1,2,0.666666667,0.545454545,1
128,1,1,1,2,0.666666667,0.181818182,1.25
129,2,1,1,2,0.166666667,0.090909091,1.25
130,2,2,2,2,0.166666667,0.181818182,2
131,1,1,3,2,1,0.363636364,1
132,1,1,1,2,0.666666667,0.909090909,1
133,1,2,2,2,0.166666667,0,1.5
134,2,1,2,2,0.166666667,0.272727273,1
135,2,1,3,2,0.166666667,0.181818182,2
136,2,1,3,2,0.666666667,0.454545455,1.5
137,2,1,2,2,0.333333333,0.090909091,2
138,2,1,2,1,0.333333333,0.181818182,1.25
139,2,1,2,2,0.666666667,1,1.25
140,2,1,2,1,0.5,0.181818182,1.25
141,2,1,3,2,0.666666667,0.181818182,2
142,2,1,1,2,0.166666667,0.636363636,2
143,2,1,1,2,1,0.090909091,2
144,2,1,2,2,0.333333333,0,2
145,1,1,2,1,0.166666667,0.181818182,1
146,1,1,3,2,0.333333333,0.636363636,1
147,1,1,3,2,0.5,0.363636364,1.25
148,2,1,2,2,0.666666667,0.818181818,1
149,2,1,3,2,0.166666667,0.090909091,2
150,2,1,2,2,0.5,0.363636364,2
151,1,1,3,1,0.833333333,0.090909091,2
152,2,1,2,2,0.333333333,0,1.5
153,2,1,1,2,0,0.181818182,2
154,2,1,2,2,0.666666667,0.090909091,2
155,2,2,2,2,0.666666667,0.363636364,1.25
156,1,1,2,1,0.666666667,0.363636364,1
157,2,1,3,1,0.833333333,0.636363636,1.25
158,1,1,2,2,0.333333333,0.090909091,1.5
159,1,1,1,2,0.333333333,0.363636364,2
160,1,1,1,2,0.833333333,0.909090909,1.25
161,2,1,3,2,0,0.181818182,1.75
162,1,1,1,2,0.166666667,0.272727273,1.25
163,2,1,3,2,0.666666667,0.272727273,1
164,2,1,2,2,0.5,0.909090909,1
165,2,2,3,1,0.333333333,0.454545455,2
166,2,1,3,2,0.166666667,0.181818182,1
167,2,1,2,2,0.5,0.363636364,1.5
168,2,2,2,2,0.166666667,0.181818182,1.25
169,2,1,1,2,0.666666667,0.454545455,1.5
170,2,1,1,1,0.333333333,0.181818182,1
171,1,2,2,2,0.5,0.090909091,1
172,2,1,2,2,0.333333333,0.090909091,1.25
173,2,1,3,1,0.666666667,0.636363636,2
174,2,1,2,1,0.666666667,0.454545455,1.5
175,2,1,2,2,0.666666667,0.636363636,1
176,2,1,3,2,0.333333333,0.090909091,1.75
177,2,1,2,2,0.166666667,0.363636364,1.75
178,2,1,3,2,0.166666667,0.272727273,2
179,2,1,1,1,0.333333333,0.727272727,1.75
180,2,2,1,2,0.166666667,0.181818182,1.75
181,2,1,1,1,0.166666667,0,1.5
182,1,1,2,2,0.166666667,0.090909091,1.25
183,2,1,3,1,0.166666667,0.363636364,2
184,1,1,3,2,0.166666667,0.272727273,1
185,2,1,2,2,0.5,0.454545455,2
186,2,1,2,2,0.333333333,0.181818182,1
187,1,1,1,2,0.833333333,0.272727273,1
188,2,1,2,2,0.833333333,0.909090909,1.5
189,2,1,2,2,0,0.181818182,2
190,1,1,2,2,0.166666667,0.636363636,2
191,1,2,1,1,0.166666667,0.727272727,1.5
192,1,1,2,2,0.833333333,0.090909091,1
193,2,1,2,2,0.666666667,0.727272727,1.75
194,1,2,1,2,0.5,0.272727273,1.5
195,2,1,3,2,0.166666667,0.272727273,2
196,2,1,1,2,0.333333333,0.181818182,2
197,2,1,3,1,0.166666667,0.363636364,1.75
198,1,2,1,2,0.166666667,0.454545455,1.5
199,2,2,1,2,0.666666667,0.363636364,1
200,2,1,1,2,0.166666667,0.363636364,1.25
201,2,1,2,2,0.5,0.909090909,1.75
202,1,1,1,2,0.666666667,0.818181818,1
203,1,2,1,2,0.333333333,0.181818182,1.5
204,2,1,1,2,0.333333333,0.181818182,1.5
205,2,2,2,2,0.333333333,0.727272727,1.75
206,2,1,3,2,0.166666667,0.090909091,1.25
207,1,1,3,2,0,0.272727273,1
208,1,2,1,2,0.333333333,0.090909091,1
209,2,1,1,2,0.833333333,0.090909091,1.25
210,1,1,1,2,0.666666667,0.454545455,1
211,2,1,2,1,0.333333333,0.818181818,1
212,2,1,3,2,0.166666667,0.272727273,2
213,1,1,2,2,0.666666667,0.909090909,1
214,2,2,1,2,0.333333333,0.090909091,1
215,1,1,2,2,0.833333333,0.545454545,1
216,2,1,1,2,0.666666667,0.454545455,1
217,2,1,2,1,0.5,0.545454545,2
218,2,1,3,2,0.5,0.545454545,1.75
219,2,1,1,1,0.333333333,0.909090909,1
220,1,1,3,2,0.166666667,0.363636364,1.75
221,2,1,2,2,0,0.181818182,1.5
222,2,1,1,2,0.166666667,0.181818182,2
223,2,1,1,2,0.666666667,0.545454545,1
224,1,1,2,1,0.333333333,0.090909091,2
225,2,1,2,2,0.666666667,0,1
226,1,2,1,2,0.333333333,0.181818182,2
227,1,1,2,2,0.666666667,0.454545455,1
228,2,1,2,2,0.166666667,0.090909091,1
229,1,1,1,1,0.5,0.636363636,1
230,1,1,2,2,0.333333333,0,1
231,2,1,3,1,0.333333333,0.090909091,1.75
232,2,1,3,2,0.333333333,0.636363636,1
233,2,1,2,2,0.5,0.272727273,1.25
234,2,1,1,2,0.166666667,0.454545455,1
235,2,1,2,2,0.666666667,0.454545455,1
236,2,1,2,2,0.333333333,0.272727273,1.25
237,2,2,2,2,0.5,0.363636364,1.75
238,2,2,3,2,0.333333333,0.272727273,2
239,1,1,2,2,0.333333333,0.363636364,2
240,1,2,1,1,0.333333333,0.181818182,1
241,2,2,2,2,0.666666667,0.363636364,1.75
242,2,2,2,2,0.666666667,0.181818182,1.25
243,1,1,2,2,0.333333333,0.545454545,1
244,2,2,2,2,0.666666667,0.181818182,1.25
245,1,1,2,2,0.166666667,0.272727273,2
246,1,1,3,2,0.333333333,0.272727273,1.75
247,2,1,2,1,0.166666667,0.363636364,1.25
248,2,1,2,1,0.166666667,0.181818182,1.75
249,1,1,2,2,0.333333333,1,1
250,1,1,2,2,0.166666667,0.272727273,2
251,1,1,1,2,0.333333333,0.909090909,1.5
252,2,1,2,2,0.666666667,0.909090909,1
253,2,1,2,2,0.666666667,0.090909091,1
254,2,1,2,2,0.5,0.545454545,2
255,2,1,2,2,0.333333333,0.545454545,1
256,1,1,3,2,0.333333333,0.636363636,1.25
257,2,1,2,2,0.333333333,0.272727273,1
258,1,1,2,2,1,1,1
259,1,1,2,2,0.666666667,1,1
260,1,2,1,2,0.5,0.454545455,1.25
261,2,1,1,2,0.333333333,0.090909091,1.75
262,1,1,1,2,0.833333333,0.454545455,1
263,2,2,3,2,0.666666667,0.272727273,1
264,2,1,3,2,0.166666667,0.272727273,2
265,2,1,2,2,0,0,1.5
266,1,1,1,2,0.5,0.363636364,2
267,2,1,1,2,0.833333333,0.636363636,1
268,1,1,2,2,1,0,1
269,1,2,1,2,0.333333333,0.272727273,2
270,1,1,1,2,0.666666667,0.454545455,1
271,1,1,1,2,0.333333333,0.272727273,1
272,2,1,2,2,0.166666667,0.454545455,1.5
273,2,2,3,2,0.333333333,0.454545455,1.75
274,2,1,1,2,0.333333333,0.818181818,1
275,1,1,3,2,0.333333333,0.454545455,1
276,2,1,2,1,0.666666667,0.363636364,2
277,2,1,3,2,0.666666667,1,1
278,1,1,2,2,0.333333333,0.363636364,1
279,2,1,3,1,0.833333333,0.181818182,1.25
280,2,2,1,2,0.833333333,0.272727273,1
281,1,1,1,2,0.333333333,0.090909091,1.5
282,1,1,2,2,0.333333333,0.636363636,1
283,2,1,3,2,0.166666667,0,1.75
284,2,1,2,2,0.333333333,0.727272727,1.75
285,1,1,1,2,0.666666667,0.636363636,1.5
286,2,1,2,2,0.166666667,0.272727273,1
287,2,2,1,2,0.666666667,0.636363636,2
288,2,1,2,2,0.833333333,0.454545455,1
289,1,1,2,2,0.666666667,0.272727273,1.25
290,2,1,2,2,0.5,0.545454545,1.75
291,1,2,1,1,0.166666667,0.454545455,1
292,2,1,2,1,0.666666667,0.909090909,2
293,2,1,2,2,0.166666667,0.272727273,1.25
294,2,1,3,1,0.166666667,0.272727273,1.75
295,2,1,1,2,0.166666667,0,1.25
296,2,2,2,2,0.833333333,0.090909091,1
297,2,1,3,2,0.166666667,0.181818182,2
298,1,1,2,2,0.666666667,0.727272727,2
299,2,1,3,2,0.333333333,0.909090909,2
300,2,1,1,2,0.166666667,0.272727273,1
301,1,1,2,2,0.166666667,0.363636364,1
302,2,1,2,2,0.666666667,0.636363636,2
303,2,2,2,2,0.333333333,0.272727273,1.25
304,1,1,3,2,0.333333333,0.272727273,1.25
305,2,1,2,2,0.666666667,0.727272727,1
306,2,1,2,2,0.666666667,0.272727273,1.75
307,1,1,2,2,0.833333333,0.909090909,1
308,1,1,1,1,0.666666667,0.727272727,1
309,1,1,1,2,0.666666667,0.363636364,1
310,2,2,2,2,0.333333333,0.181818182,2
311,1,2,2,2,0.666666667,0.727272727,1.25
312,1,1,3,1,0.333333333,0.090909091,1.5
313,1,2,2,2,0.666666667,0,1
314,1,2,1,2,0.666666667,0.454545455,1
315,2,1,2,2,0.833333333,0.363636364,1
316,2,1,1,1,0.333333333,0.272727273,2
317,1,1,2,2,0.666666667,0.363636364,1
318,2,1,3,2,0.166666667,0.363636364,1.5
319,2,2,2,2,0.666666667,0.090909091,1
320,1,1,1,1,0.666666667,0.272727273,1
321,2,1,2,2,0.333333333,0.545454545,1.5
322,1,2,2,1,0.666666667,0.545454545,1.25
323,2,1,2,2,0.333333333,0.090909091,1.75
324,2,1,2,2,0.833333333,0.909090909,1
325,1,1,1,1,0.833333333,1,1
326,2,1,2,2,0.333333333,0.272727273,1
327,2,1,1,1,0.166666667,0.454545455,1
328,2,1,2,2,0.333333333,0.090909091,2
329,2,1,2,2,0.666666667,0.909090909,1.5
330,2,1,3,2,0.166666667,0.272727273,1.5
331,2,1,3,2,0.833333333,0.272727273,2
332,2,1,2,2,0.166666667,0.363636364,1.25
333,2,1,2,2,0.833333333,1,1.75
334,1,2,2,2,0.666666667,0.181818182,1.25
335,2,1,3,2,0.666666667,0.272727273,1.75
336,1,1,2,2,0.666666667,0.454545455,1
337,1,1,2,2,0.833333333,0.909090909,1
338,2,1,2,1,0.666666667,0.727272727,1
339,2,1,2,2,0.5,0.636363636,1.75
340,2,1,3,1,0.166666667,0.272727273,1.25
341,2,1,2,2,0.666666667,1,1.25
342,2,1,3,1,0.333333333,0.363636364,2
343,2,1,3,2,0.5,0.454545455,2
344,2,1,3,1,0.333333333,0.363636364,1.75
345,1,1,3,1,0.166666667,0.454545455,2
346,2,1,2,2,0.166666667,0.636363636,1
347,2,1,2,2,0.833333333,0.909090909,1.75
348,1,1,1,2,0.666666667,0.909090909,1
349,2,2,2,2,0.5,0.454545455,1.75
350,1,1,2,1,0.5,0.545454545,1.5
351,2,2,2,1,0.666666667,0.181818182,1
352,2,1,2,2,0.166666667,0.090909091,2
353,2,1,2,2,0.5,0.090909091,1
354,2,1,2,2,0.333333333,1,1
355,2,1,1,2,0.833333333,0.090909091,2
356,2,1,2,1,0.666666667,0.454545455,2
357,1,1,2,2,0.666666667,0.363636364,1
358,1,1,2,2,1,0.818181818,1
359,2,1,2,2,0.833333333,0.909090909,1
360,1,2,1,1,0.333333333,0.454545455,2
361,1,1,2,2,0.333333333,0.363636364,1
362,2,1,2,2,0.666666667,0.909090909,1
363,2,1,2,2,0.666666667,0.909090909,1.75
364,1,1,2,2,0.333333333,0.545454545,2
365,2,1,2,2,0.666666667,0.909090909,1
366,1,1,3,1,0.666666667,0.181818182,1.25
367,2,1,2,2,0.666666667,0.181818182,1
368,2,1,2,1,0,0.181818182,1
369,2,1,2,2,0.333333333,0.363636364,1.5
370,2,1,2,2,0.166666667,0.272727273,1
371,2,1,3,2,0.333333333,0.181818182,1.5
372,2,1,3,1,0.5,0.636363636,1
373,1,1,1,1,0.5,0.363636364,1
374,2,1,1,2,0,0.181818182,1.5
375,2,1,2,2,0.666666667,0.545454545,1.5
376,2,1,2,2,0.166666667,0.545454545,1
377,2,1,1,2,0.666666667,0.909090909,1
378,2,1,2,2,0.5,0.272727273,1.5
379,1,1,1,2,0.666666667,0.363636364,1
380,2,2,1,1,0.333333333,0.363636364,1.75
381,2,1,2,1,0.333333333,0.454545455,2
382,2,1,3,1,0.333333333,0.636363636,1.75
383,2,1,1,2,0.333333333,0.181818182,2
384,2,1,3,2,0.333333333,0.363636364,1.25
385,2,1,3,2,0.666666667,0.909090909,2
386,1,1,2,1,0.166666667,0.363636364,2
387,2,1,2,2,0.666666667,0.181818182,1.5
388,2,1,2,2,0.666666667,0.727272727,1
389,2,1,2,2,0.333333333,0.909090909,2
390,2,1,2,2,0.833333333,0.909090909,1
391,1,1,3,2,0.833333333,1,1
392,1,1,2,2,0.666666667,0.545454545,1
393,2,1,1,2,0.333333333,0.909090909,1.25
394,2,1,2,1,0.666666667,1,1
395,2,1,2,2,0.333333333,0.818181818,1
396,2,1,3,2,0.5,0.909090909,2
397,2,1,2,2,0,0.181818182,1.5
398,2,1,1,2,0.333333333,0.454545455,1
399,2,1,2,2,0.166666667,0,2
400,2,1,2,2,0.166666667,0.818181818,1
401,2,1,1,1,0.166666667,0.363636364,1.5
402,2,1,2,2,0,0,1.75
403,1,1,2,2,0.333333333,0.272727273,2
404,1,1,2,1,0.666666667,0.636363636,1
405,1,1,3,1,0.666666667,0.727272727,2
406,2,1,1,1,0.666666667,0.545454545,1.25
407,1,1,2,2,0.333333333,0.454545455,1
408,1,1,2,2,0.333333333,0.272727273,1.75
409,2,1,2,2,0.666666667,0.636363636,1
410,1,2,2,2,0.666666667,0.545454545,1.75
411,2,1,2,2,0.833333333,1,1.5
412,2,1,1,2,0.5,0.181818182,1
413,2,2,2,2,0.333333333,0.909090909,1.25
414,2,1,2,2,0.5,0.272727273,1.5
415,2,1,2,2,0.5,0.363636364,1.75
416,2,1,2,1,0.666666667,0.909090909,1.75
417,1,1,2,1,0.166666667,0.272727273,1.75
418,1,1,2,1,0.666666667,0.818181818,1
419,1,2,2,2,0.666666667,0.272727273,1.25
420,2,1,2,1,0.166666667,0.272727273,2
421,2,1,3,1,0.666666667,0.636363636,2
422,1,1,3,2,0.166666667,0.272727273,2
423,2,1,3,2,0.333333333,0.181818182,1.25
424,2,1,2,2,0.5,0.090909091,2
425,2,1,3,2,0.666666667,0,1.5
426,1,1,2,1,0.833333333,0.909090909,1
427,2,1,3,2,0.166666667,0.090909091,1.5
428,1,1,2,2,0.666666667,0.545454545,1.25
429,2,1,2,2,1,1,1
430,2,1,2,2,0.666666667,0.909090909,1
431,2,1,2,2,0,0,1
432,2,1,2,2,0.666666667,0.636363636,1
433,1,1,1,2,0.166666667,0.454545455,1
434,1,1,2,2,0.666666667,0.454545455,1.25
435,1,1,2,2,0.666666667,0.090909091,2
436,2,1,1,2,0.166666667,0.181818182,1.5
437,2,1,2,2,0.666666667,0.636363636,1
438,1,1,2,1,0.833333333,0.090909091,1
439,2,2,1,1,0.333333333,0.090909091,2
440,2,1,3,2,0.833333333,0.727272727,1
441,2,1,2,2,0.333333333,0.272727273,2
442,2,1,2,1,0.666666667,0.909090909,1
443,1,1,3,1,0.333333333,0.272727273,1
444,2,1,2,2,0.666666667,0.818181818,1.25
445,1,1,2,1,0.333333333,0.636363636,1
446,2,1,2,1,0.333333333,0.545454545,1.25
447,2,1,2,2,0.333333333,0.363636364,1.5
448,2,1,3,2,0,0.181818182,1.25
449,2,1,2,1,0.333333333,0.181818182,2
450,2,1,2,2,0.333333333,0.818181818,2
451,2,1,1,1,0.833333333,0.909090909,1.75
452,1,1,2,2,0.5,0.181818182,1
453,1,1,2,2,0.166666667,0.090909091,1.25
454,1,1,3,2,0.666666667,0.181818182,1
455,1,1,3,1,0.166666667,0.272727273,1
456,2,1,3,2,1,0.545454545,1.75
457,1,1,2,2,0,0.181818182,1.25
458,1,1,2,1,0.166666667,0.181818182,1
459,2,1,3,1,0.333333333,0.090909091,2
460,2,1,3,1,0.333333333,0.545454545,1.5
461,2,1,2,2,0.833333333,0.727272727,1
462,2,1,3,2,0.333333333,0.090909091,2
463,1,1,3,2,0.666666667,0.636363636,1
464,2,1,2,2,0.666666667,0.818181818,1
465,2,1,2,2,0.166666667,0.181818182,2
466,2,2,2,1,0.666666667,0.454545455,1
467,2,1,2,2,0.333333333,0.090909091,1
468,1,1,2,1,0.5,0.363636364,1
469,2,1,2,2,0.833333333,0.909090909,1
470,2,1,2,1,0.333333333,0.363636364,1.75
471,2,1,2,2,0.666666667,0.181818182,1
472,1,2,2,1,0.666666667,0.363636364,1
473,2,1,2,2,0.666666667,1,1
474,2,1,2,1,0.333333333,0.090909091,1.25
475,2,1,1,2,0.333333333,0.727272727,1.5
476,2,1,1,2,0.166666667,0.545454545,2
477,2,1,2,2,0.166666667,0.272727273,1.25
478,2,1,2,1,0.5,0.272727273,2
479,2,1,1,2,0.5,0.363636364,1
480,2,1,2,2,0.666666667,0.363636364,1.5
481,2,2,2,2,0.5,0.454545455,1
482,2,1,3,2,0.333333333,0.454545455,1.75
483,2,1,1,1,0.5,0,1.5
484,2,1,2,2,0.166666667,0.181818182,1
485,2,1,2,2,0.333333333,0,1
486,2,1,3,2,0.166666667,0.272727273,2
487,2,1,2,1,0.166666667,0.181818182,1.5
488,1,1,2,2,0.333333333,0.909090909,1.25
489,1,1,2,2,0.833333333,0.727272727,1.75
490,1,1,2,2,0.666666667,0.545454545,1
491,1,1,3,2,0.5,0.181818182,1
492,2,1,2,2,0.666666667,0.818181818,1.5
493,2,1,1,1,0.666666667,0.272727273,1
494,2,2,2,1,0.833333333,0.909090909,1
495,1,1,2,2,0.333333333,0.272727273,1.25
496,2,1,2,1,0.333333333,0.545454545,2
497,1,1,1,2,0.333333333,0.181818182,2
498,1,1,3,2,0.666666667,0.636363636,1
499,1,1,2,2,0.333333333,0.272727273,1.5
500,2,2,2,2,0.666666667,0.454545455,1
501,2,1,3,2,0,0,1.75
502,1,1,1,1,0.833333333,1,1
503,2,1,2,2,0.5,0.636363636,1
504,2,2,1,2,0.333333333,0.272727273,2
505,2,1,2,2,0.333333333,0,1
506,1,1,2,2,0.5,1,1.25
507,2,1,2,2,0.166666667,0.090909091,1
508,2,1,2,2,0.166666667,0.090909091,1.25
509,1,1,2,2,0.666666667,0.545454545,2
510,1,1,1,2,0.666666667,0.545454545,2
511,1,1,2,2,0.333333333,0.909090909,1
512,2,1,2,1,0.833333333,0.272727273,1
513,1,1,2,2,0.5,0.363636364,1
514,1,1,2,1,0.666666667,1,1
515,2,1,2,1,0.833333333,0.909090909,1.5
516,2,1,2,2,0,0.181818182,1
517,2,1,1,2,0.666666667,1,1
518,2,1,2,2,0.666666667,0.909090909,1
519,1,1,2,2,0.833333333,0.636363636,1
520,1,1,1,2,0.666666667,0.818181818,1
521,2,1,1,2,0.166666667,0.909090909,1.5
522,2,1,2,2,0.833333333,0.909090909,1
523,2,1,2,1,0.666666667,0.636363636,1.5
524,1,1,1,2,0.833333333,0.636363636,1
525,1,1,2,2,0.833333333,0.363636364,1.25
526,2,1,3,2,0.5,0.545454545,1
527,1,1,1,2,0.666666667,0.636363636,1
529,1,1,3,2,0.166666667,0.181818182,1.5
530,1,1,2,2,1,1,1
531,1,1,3,2,0.333333333,0.363636364,1.25
532,1,1,2,2,0.333333333,0.090909091,1
533,2,1,2,2,0.666666667,0.727272727,1.5
534,2,1,3,2,0.333333333,0.272727273,1.75
535,2,1,2,1,0.166666667,0.545454545,2
536,2,1,2,2,0.333333333,0.363636364,2
537,2,1,2,1,0.166666667,0.272727273,2
538,2,1,1,1,0.5,0.090909091,1.25
539,1,2,2,1,0.5,0.909090909,1.5
541,2,1,2,1,0.5,0.363636364,1
542,1,1,2,2,0.166666667,0.636363636,1.75
543,1,1,2,1,0.666666667,0.909090909,1
544,1,1,3,2,0.166666667,0.454545455,2
545,2,1,2,2,0.666666667,0.272727273,1
546,2,1,2,2,0.833333333,0.636363636,1.25
547,2,2,1,1,0.666666667,0.545454545,1.25
548,2,1,1,1,0.833333333,0.545454545,1.25
549,2,1,1,2,0.833333333,1,1
550,2,1,1,1,0.833333333,0.636363636,1.5
551,2,1,2,2,0.5,0.090909091,1
552,1,1,1,2,0.666666667,0.636363636,2
553,1,1,1,2,0.666666667,0.818181818,1
554,2,1,2,2,0.666666667,0.909090909,2
555,2,1,1,2,0.333333333,0.090909091,1
556,2,1,3,2,0.5,0.090909091,1.75
557,2,1,2,2,0.833333333,0.272727273,1.25
558,2,1,3,1,0.666666667,0.545454545,1
559,2,1,1,2,0.333333333,0.363636364,2
560,2,1,2,1,0.166666667,0.272727273,2
561,2,1,1,2,0.666666667,0.818181818,1
562,2,1,3,2,0.166666667,0.727272727,1.25
563,1,1,2,2,0.166666667,0.090909091,1.25
564,2,1,2,2,0.666666667,0.727272727,1
565,1,1,2,2,0.666666667,0.727272727,2
566,2,1,2,1,0.166666667,0.363636364,1
567,2,1,2,1,0.166666667,1,1
568,1,1,1,2,0.5,0.090909091,1
569,2,1,2,2,0.666666667,0.909090909,1.25
570,1,1,3,1,0.166666667,0.454545455,1
571,2,1,3,2,0.166666667,0.272727273,1.75
572,2,1,1,2,0.166666667,0.272727273,2
573,2,1,1,2,0.833333333,0.272727273,1
574,2,1,2,2,0.333333333,0.181818182,2
575,2,1,2,2,1,0.545454545,2
576,2,1,2,2,0.5,0.727272727,1
577,2,1,1,1,0.666666667,0.636363636,1.5
578,2,1,2,2,0.5,0.727272727,1
579,2,1,1,2,0,0,1.5
580,2,1,2,2,0.166666667,0.181818182,1
581,2,1,3,2,0.5,0.363636364,1.75
582,2,1,2,1,0.833333333,0.636363636,1
583,2,1,1,2,0.333333333,0.909090909,1.75
584,2,1,2,2,0.166666667,0.454545455,2
585,2,1,1,2,0.333333333,0.909090909,1.75
586,2,1,2,2,0.666666667,0.454545455,2
587,1,1,1,2,0.666666667,0.454545455,1
588,2,2,2,2,0.333333333,0.181818182,1
589,2,1,2,2,0,0.727272727,1
590,2,1,2,1,0.166666667,0.272727273,1.75
591,1,1,2,2,0.166666667,0.181818182,1.25
592,2,1,3,2,0.5,0.545454545,2
593,2,1,1,1,0,0.090909091,1
594,1,1,2,2,0.166666667,0.363636364,2
595,1,1,1,2,0,0.090909091,2
596,1,1,1,1,0.5,0.090909091,1
597,1,1,3,2,0.333333333,0.272727273,2
598,2,1,3,2,0.333333333,0.272727273,1
599,2,2,2,1,0.5,0.090909091,1
600,1,1,2,2,0.666666667,0.454545455,1
601,1,1,2,2,0.333333333,0.636363636,1.75
602,2,1,2,2,0.833333333,0.363636364,1.5
603,2,1,2,2,0.5,0.454545455,1
604,2,1,3,1,0.166666667,0.181818182,2
605,2,1,1,2,0.166666667,0.090909091,1.75
606,2,1,2,2,0.166666667,0.909090909,2
607,2,1,2,2,0.666666667,0.909090909,1
608,2,1,1,2,0,0.181818182,1.5
609,2,1,2,2,0.666666667,0.272727273,1
610,2,1,2,2,0.333333333,0.090909091,1.5
611,1,1,3,2,0.333333333,0.545454545,1.75
612,1,1,2,1,0.833333333,0.909090909,1
613,1,1,3,1,0.833333333,0.545454545,1.5
614,1,1,2,2,0.666666667,0.727272727,1
615,2,2,1,2,0.333333333,0.272727273,1.5
616,2,1,3,2,0.166666667,0,1.5
617,1,1,2,2,0.833333333,1,1
618,2,1,1,2,0.5,0.727272727,2
619,2,1,2,1,0.333333333,0.818181818,1.75
620,2,1,3,2,0.166666667,0.272727273,1.75
621,2,1,2,2,0.666666667,0.636363636,1.25
622,2,2,2,2,0.333333333,0.090909091,1.25
623,2,2,1,2,0.833333333,0.636363636,1
624,1,1,2,2,0.166666667,0.272727273,1.5
625,1,2,2,1,0.833333333,0.272727273,1
626,2,1,2,2,0.333333333,0.272727273,1
627,1,1,1,2,0.333333333,0.363636364,1.75
628,2,1,2,2,0.666666667,0.636363636,1
629,2,2,3,2,0.833333333,0.272727273,1.25
630,2,1,1,2,0.166666667,0.181818182,1
631,1,1,1,1,0.166666667,0.909090909,1.5
632,2,1,3,2,0.5,0.272727273,1
633,2,1,2,2,0.666666667,0.909090909,1
634,1,1,1,2,0.666666667,0,1
635,1,1,3,2,0.666666667,0.727272727,2
636,2,1,3,2,0.166666667,0.363636364,1.25
637,2,2,2,1,0.666666667,0.454545455,2
638,1,1,1,2,0.333333333,0.545454545,1.5
639,2,1,1,1,0.333333333,0.363636364,1
640,1,1,1,1,0.333333333,0.363636364,1.25
641,2,1,1,2,0.5,0.636363636,1
642,2,1,2,2,0,0.090909091,1
643,2,1,2,2,0.5,0.545454545,2
644,1,1,2,1,0.333333333,0.545454545,1
645,2,1,2,1,0.666666667,0.636363636,1
646,1,1,1,1,0.166666667,0.090909091,2
647,2,1,2,2,0.833333333,0.909090909,1
648,2,1,2,1,0.666666667,0.454545455,2
649,2,2,2,2,0.666666667,1,1.75
650,1,1,1,2,0.333333333,0.454545455,1
651,2,1,3,2,0.166666667,0.272727273,2
652,2,1,1,1,0.833333333,0.909090909,1
653,2,1,2,1,0.5,0.636363636,1
654,2,1,1,2,0.333333333,0.454545455,1
655,1,1,2,2,0.166666667,0.090909091,1.5
656,2,1,2,1,0.666666667,0.909090909,1
657,1,1,1,1,0.333333333,0.727272727,1.75
658,2,2,1,2,0.166666667,0.181818182,1.5
659,1,1,2,2,0.666666667,1,1
660,2,2,1,1,0.333333333,0.363636364,1.5
661,1,2,1,2,0.666666667,0.181818182,2
662,1,2,3,2,0.333333333,0.727272727,1
663,1,1,1,2,0.333333333,0.363636364,1
664,2,1,2,2,0,0,1
665,2,1,3,2,0.166666667,0.090909091,1.25
666,2,1,2,2,0.5,0.727272727,1
667,1,2,1,1,0.833333333,0.454545455,2
668,2,2,2,2,0.333333333,0.545454545,1.5
669,1,1,2,2,0.833333333,0.909090909,1
670,1,1,1,1,0.666666667,0.727272727,2
671,1,1,3,2,0.166666667,0,2
672,2,1,2,2,0.833333333,0.363636364,1
673,2,1,3,2,0.333333333,0.272727273,1
674,1,1,3,2,0.166666667,0.909090909,1.5
675,2,2,1,2,0.666666667,1,1.75
676,1,1,2,2,0.333333333,0.363636364,1.5
677,1,1,2,1,0.5,0.090909091,1.5
678,2,1,3,2,0.333333333,0.636363636,1.75
679,1,1,2,2,0.666666667,0.636363636,1
680,2,1,1,2,0.5,0.090909091,1.75
681,2,1,2,2,0.5,0.363636364,2
682,1,1,2,1,0.666666667,0.454545455,1
683,2,1,2,2,0.666666667,0.818181818,1
684,2,1,2,1,0.333333333,0.363636364,2
685,1,1,2,2,0.666666667,1,1
686,2,1,3,2,0.5,0.454545455,1
687,1,1,1,2,0.5,0.454545455,1.75
688,2,1,3,2,0.333333333,0.363636364,1.75
689,2,1,3,2,0.5,0.090909091,2
690,2,1,2,1,0.666666667,0.363636364,1.5
691,2,1,1,2,0.833333333,1,1.5
692,2,1,2,2,0.5,0,1.75
693,2,1,2,2,0.5,0.090909091,1
694,2,1,2,2,0.333333333,0.090909091,1
695,2,1,3,1,0.333333333,0.636363636,1
696,2,1,2,2,0.5,0.545454545,1
697,2,1,2,1,0.666666667,0.272727273,1
698,1,1,2,2,0.333333333,0.909090909,1.75
699,2,1,2,1,0.333333333,0.909090909,1
700,2,1,3,2,0.333333333,0,1
701,1,1,1,2,0.666666667,0.909090909,2
702,2,1,3,2,0.666666667,0.363636364,2
703,2,1,2,2,0.166666667,0,1.5
704,2,1,3,2,0.666666667,0.272727273,1.5
705,2,1,3,2,0.666666667,0.454545455,1.5
706,2,1,1,2,0.666666667,0.636363636,1.25
707,2,1,3,2,0.166666667,0.181818182,1.75
708,1,1,2,1,0.166666667,0.636363636,1
709,2,1,3,2,0.166666667,0.090909091,2
710,2,1,2,2,0.666666667,0.363636364,1.5
711,1,1,2,2,0.5,0.545454545,1
712,2,1,3,2,0.5,0.818181818,2
713,2,1,2,2,0.333333333,0.090909091,1.75
714,1,1,1,2,1,0.636363636,1.25
715,2,2,2,2,0,0.454545455,1.5
716,1,1,2,2,0.833333333,0.909090909,1
717,1,1,2,2,0.833333333,0.909090909,1
718,1,1,1,2,0.166666667,0.181818182,1
719,1,1,1,1,0.666666667,0.181818182,2
720,2,1,2,2,0.666666667,0.363636364,1
721,2,1,2,2,0.5,0.363636364,1.75
722,2,1,3,2,0.166666667,0.909090909,1
723,1,1,1,2,0.166666667,0.272727273,1
724,2,1,2,2,0.166666667,0.090909091,1
725,2,1,1,2,0.333333333,0.090909091,2
726,1,1,2,2,0.666666667,0.545454545,1
727,2,1,1,1,0.666666667,0.818181818,1.25
728,1,1,1,2,0.5,0.181818182,1
729,1,1,2,2,0.666666667,0.909090909,1
730,2,1,2,2,0.666666667,0.272727273,1.25
731,2,1,2,2,0.166666667,0.909090909,1
732,2,1,3,2,0.166666667,0.090909091,2
733,2,1,2,2,0.5,0.636363636,1.75
734,2,1,3,1,0.333333333,0.272727273,1
735,2,1,2,2,0.666666667,0.272727273,1.75
736,1,1,2,2,0.5,0.272727273,1
737,1,2,1,2,0.833333333,1,1.5
738,2,1,3,1,0.833333333,0.636363636,1
739,1,1,2,2,0.666666667,0.909090909,1
740,1,1,2,2,0.5,1,1
741,2,1,2,2,0.833333333,0.818181818,1
742,1,1,1,2,0.166666667,0.090909091,2
743,2,1,2,2,0.333333333,0.363636364,1
744,1,1,2,2,0.333333333,0.454545455,1
745,1,1,2,2,0.666666667,1,1.25
746,2,1,3,1,0.666666667,0.909090909,1
747,2,1,1,2,0.166666667,0.090909091,2
748,2,1,1,2,0.333333333,0.454545455,1
749,2,1,2,2,0.666666667,0.181818182,2
750,1,1,2,2,0.666666667,0.090909091,1
751,2,1,1,2,0.666666667,0.454545455,1
752,1,1,3,2,0.333333333,0.181818182,1.5
753,2,1,2,2,0.5,0.363636364,2
754,2,1,3,1,0.166666667,0.181818182,1.75
755,2,1,1,2,0.833333333,0.090909091,1
756,2,1,2,1,0.333333333,0.363636364,1
757,2,1,2,2,0.833333333,0.909090909,1
758,2,1,2,2,0.166666667,0.090909091,1
759,2,2,1,2,0.666666667,0.272727273,1.5
760,1,1,2,1,0.333333333,0.363636364,1.5
761,2,1,2,2,0.166666667,0.272727273,1
762,2,1,1,2,0.666666667,0.727272727,1
763,2,1,2,1,0.833333333,0.363636364,1
764,2,1,2,2,0.166666667,0.272727273,2
765,1,1,2,1,0.5,0.363636364,1.25
766,1,1,3,2,0.166666667,0.272727273,1
767,2,1,3,2,0.5,0.090909091,1.25
768,2,1,3,1,0.166666667,0.363636364,1.5
769,2,1,2,2,0.333333333,0.727272727,2
770,2,1,2,2,0.333333333,0.272727273,1.25
771,2,1,3,2,0.166666667,0,1.75
772,1,1,2,2,0.166666667,0.181818182,1.75
773,2,1,2,1,0.5,0.727272727,2
774,1,1,2,2,0.666666667,1,1
775,1,1,1,2,0.666666667,0.636363636,1
776,2,1,1,2,0.833333333,0.090909091,1.75
777,2,1,2,1,0.666666667,0.636363636,1.75
778,1,1,3,1,0.166666667,0.363636364,2
779,2,1,2,1,0.666666667,0.909090909,1
780,1,2,2,2,0.5,0.181818182,1
781,2,2,1,1,0.833333333,0.363636364,1.75
782,1,1,1,2,0.666666667,0.636363636,1
783,1,1,1,2,0.833333333,1,1
784,2,1,3,2,0.166666667,0.363636364,1
785,2,1,2,2,0.166666667,0.272727273,1.5
786,1,2,2,2,0.666666667,0.272727273,1.25
787,2,1,2,2,0.666666667,0.181818182,1
788,1,1,1,1,0.666666667,0.727272727,1
789,1,1,1,2,0.666666667,0.454545455,1
790,1,1,2,2,0.166666667,0.272727273,1.25
791,2,1,1,2,0.666666667,0.818181818,1.75
792,1,1,2,2,0.166666667,0.454545455,1.25
793,2,1,2,2,0.666666667,0.181818182,1
794,2,2,1,2,0.666666667,0.818181818,1
795,1,2,1,1,0.166666667,0.272727273,1
796,1,1,3,2,0.833333333,0.909090909,1
797,2,1,3,1,0.333333333,0.272727273,2
798,1,1,3,2,0.833333333,0.909090909,1
799,1,1,2,2,0.666666667,0.909090909,1
800,2,1,2,2,0.666666667,0.090909091,1
801,1,1,2,1,0.5,0.545454545,1.5
802,2,1,3,2,0.333333333,0.181818182,2
803,1,1,2,2,0.666666667,0.363636364,2
804,2,1,1,1,0.666666667,0.363636364,1
805,2,1,2,1,0.333333333,0.090909091,1
806,1,1,1,2,0.666666667,0.454545455,1.5
807,2,1,1,2,0.166666667,0.272727273,1.5
808,2,1,2,1,0.666666667,0.818181818,2
809,2,1,2,2,0.666666667,0.545454545,1
810,2,1,2,2,0.666666667,0.363636364,2
811,2,1,2,1,0.333333333,0.090909091,2
812,2,2,2,2,0.5,0.090909091,2
813,2,1,3,2,0.5,0.545454545,1.25
814,2,2,1,2,0.333333333,0.272727273,1.25
815,1,1,2,2,0.333333333,0.909090909,1.25
816,1,1,1,2,0.833333333,1,1.25
817,1,2,1,2,0.333333333,0.181818182,2
818,2,2,1,2,0.666666667,0.545454545,1.75
819,1,2,1,1,0.166666667,0.090909091,1.75
820,2,1,2,2,0.333333333,1,1.25
821,1,1,2,2,0.333333333,0.181818182,1.25
822,2,1,1,2,0.166666667,0.363636364,1.75
823,2,1,2,2,0.666666667,0.727272727,1
824,1,1,3,2,0.5,0.181818182,1.5
825,2,1,3,2,0.166666667,0.545454545,1.5
826,1,1,2,2,0.833333333,0.181818182,1
827,1,1,1,2,0.666666667,0.545454545,1
828,2,2,1,2,0.333333333,0.636363636,1.25
829,2,1,2,2,0.833333333,0.636363636,1
830,1,1,3,2,0.833333333,0.909090909,1.5
831,2,1,3,2,0.5,0.363636364,1.75
832,1,1,2,1,0.666666667,0.909090909,1.25
833,2,1,2,1,0.333333333,0.181818182,1.5
834,2,1,3,1,0.166666667,0.454545455,1.5
835,2,1,2,2,0.5,0.181818182,1
836,2,1,2,1,0.666666667,0.727272727,1
837,2,1,3,2,0.333333333,0.090909091,1
838,2,1,2,1,0.666666667,1,1
839,1,2,2,2,0.333333333,0.181818182,1
840,2,1,1,2,0.833333333,0.909090909,1
841,2,1,2,2,0.166666667,0,2
842,1,2,2,2,0.666666667,0.272727273,1.75
843,2,2,1,2,0.666666667,0.454545455,1
844,2,2,2,2,0.666666667,0.454545455,1.25
845,1,1,1,2,0.166666667,0.818181818,1
846,1,1,1,2,0.333333333,0,1.25
847,2,1,2,2,0.333333333,0.363636364,1.75
848,1,1,2,1,0.333333333,1,1
849,1,1,1,2,0.833333333,0.727272727,1.25
850,2,1,1,2,0.166666667,0.090909091,1
851,2,1,2,2,0.666666667,0.818181818,1.5
852,2,1,2,2,0.666666667,1,1
853,2,1,2,1,0.5,0.545454545,1.25
854,2,2,2,2,0.666666667,0.909090909,1.5
855,2,1,3,1,0.166666667,0.363636364,2
856,2,1,2,2,0.833333333,0.181818182,1.75
857,2,1,3,2,0.166666667,0.181818182,1.25
858,2,2,1,1,0.333333333,0.090909091,2
859,2,1,2,1,0.333333333,0.363636364,2
860,1,1,3,2,0.666666667,0.181818182,1
861,2,1,2,2,0.166666667,0.454545455,1
862,2,1,3,1,0.166666667,0.090909091,2
863,2,1,2,2,0.333333333,0.636363636,1
864,1,1,2,1,0.666666667,0.636363636,1
865,1,1,3,2,0.166666667,0.090909091,1.25
866,2,2,3,2,0.333333333,0.454545455,2
867,2,1,1,2,0.666666667,0.363636364,2
868,2,1,2,2,0.166666667,0.545454545,1.75
869,1,1,2,2,0.333333333,0.818181818,1
870,2,1,3,2,0.666666667,0.636363636,2
871,1,1,1,2,0.833333333,0.909090909,1
872,1,1,2,1,0.166666667,0.636363636,2
873,1,1,2,1,0.166666667,0.272727273,1
875,1,1,2,1,0.333333333,0.090909091,1.5
876,2,1,2,2,0.833333333,0.909090909,1
877,1,2,2,2,0.166666667,0,1.25
878,2,1,3,1,0.666666667,0.545454545,1
879,2,1,3,1,0.833333333,0.090909091,2
880,1,1,2,1,0.333333333,0.636363636,2
881,1,1,2,2,0.333333333,0.181818182,1.75
882,2,1,2,1,0.5,0.090909091,1
883,1,1,1,1,0.666666667,1,1
884,2,1,2,2,0.166666667,0.181818182,1
885,2,1,3,2,0.166666667,0.090909091,1.75
886,2,2,1,2,0.166666667,0.181818182,1
887,1,1,2,2,0.666666667,0.636363636,1.5
888,1,2,2,2,1,0.545454545,1.25
889,2,1,2,1,0.333333333,0.454545455,1
890,2,1,2,2,0.5,0.545454545,2
891,1,1,2,2,0.666666667,0.818181818,1
892,2,1,2,1,0.833333333,0.909090909,1
893,2,1,3,2,0.333333333,0.636363636,2
894,2,1,2,2,0.333333333,1,1
895,1,1,1,2,0.333333333,0.181818182,2
896,1,1,2,2,0.666666667,0.454545455,1
897,2,1,2,2,0.166666667,0.181818182,1.75
898,1,1,1,2,0.5,0.181818182,1.25
899,1,1,2,2,0.333333333,0.090909091,1.5
900,2,2,2,1,0.5,0.181818182,1
901,2,1,2,1,0.166666667,0.727272727,1
902,1,2,1,2,0.333333333,0.272727273,1.5
903,2,2,2,1,0.333333333,0.636363636,1
904,2,1,1,2,0.166666667,0.090909091,1
905,2,1,2,2,0.333333333,0.454545455,1.25
906,2,2,1,2,0.166666667,0,1.75
907,2,1,2,2,0.166666667,0,1.25
908,1,1,1,2,0.5,0.545454545,1.25
909,2,1,1,2,0.5,0.363636364,1.5
910,2,2,2,1,0.666666667,0.363636364,1
911,1,1,2,2,0.833333333,0.727272727,1.25
912,2,1,3,2,0.166666667,0.090909091,1.25
913,1,2,2,2,0.333333333,0.181818182,2
914,2,1,3,1,0.666666667,0.454545455,2
915,2,1,2,2,0.333333333,0.181818182,1.75
916,2,1,2,2,0.666666667,0.909090909,1
917,2,1,2,2,0.666666667,1,1
918,1,1,3,2,0.166666667,0,2
919,1,1,2,1,0.833333333,0.454545455,1
920,2,1,2,2,0.666666667,0.727272727,1
921,2,1,2,1,0.5,0.454545455,1
922,2,2,2,2,0.5,0.272727273,1.5
923,1,1,2,1,0.333333333,0.818181818,1.5
924,2,2,3,2,0.166666667,0.181818182,1.5
925,2,2,1,2,0,0,1.75
926,1,2,1,1,0.5,0.272727273,1.5
927,1,2,2,1,0.166666667,0.363636364,1
928,2,1,3,2,0.333333333,0,1.75
929,1,1,1,2,0.333333333,0.181818182,2
930,2,2,1,2,0.666666667,0.636363636,1
931,2,1,3,1,0.833333333,0.363636364,1
932,2,1,2,2,0.666666667,0.454545455,1
933,1,1,3,1,0.666666667,0.727272727,1
934,1,1,1,1,0.333333333,0.090909091,1
935,2,1,2,2,0.666666667,1,1.75
936,2,1,2,2,0.333333333,0.272727273,1.75
937,1,1,2,1,0.333333333,0.454545455,2
938,1,2,2,2,0.666666667,0.363636364,1
939,1,2,2,2,0.166666667,0.272727273,1.5
940,2,2,1,1,0.166666667,0.090909091,2
941,2,2,3,2,0.333333333,0.636363636,2
942,1,1,1,2,0.833333333,0.454545455,1
943,2,1,2,2,0.166666667,0.727272727,1
944,1,2,2,2,0.166666667,0.090909091,1.75
945,2,1,2,2,0.666666667,0.636363636,1.5
946,2,1,2,1,0.166666667,0,1.25
947,2,1,2,2,0.833333333,0.454545455,1
948,1,2,2,2,0.666666667,0.545454545,1.25
949,1,1,2,2,0.333333333,0.272727273,1.25
950,2,1,3,2,0.5,0.090909091,1
951,2,2,1,1,0.166666667,0.545454545,1
952,2,1,3,2,0.333333333,0.090909091,1
953,2,1,2,1,0.666666667,0.545454545,1
954,2,1,1,2,0.333333333,0.181818182,1
955,2,2,2,2,0.833333333,1,1.75
956,1,1,2,1,0.833333333,0.454545455,1
957,2,2,2,2,0.666666667,0.454545455,1.5
958,2,1,2,1,0.166666667,0.181818182,1.5
959,2,2,3,2,0.833333333,0.363636364,1
960,1,2,2,2,0.833333333,0.909090909,1
961,2,1,1,1,0.833333333,0.909090909,1
962,1,2,1,2,0.666666667,0.363636364,1.75
963,2,2,1,2,0.333333333,0.181818182,2
964,1,2,1,2,0.833333333,0.454545455,1
965,1,1,2,2,1,0.272727273,1
966,1,2,1,2,0.666666667,0.909090909,1
967,2,2,1,1,0.5,0.181818182,2
968,1,1,2,2,0.666666667,0.909090909,1
969,2,1,3,1,0.333333333,0,1.25
970,2,2,1,2,0.666666667,0.636363636,1.5
971,2,2,2,2,0.333333333,0,2
972,2,1,3,2,0.333333333,0.363636364,1.25
973,2,1,3,2,0.166666667,0.181818182,1.75
974,2,1,1,2,0.333333333,0,1
975,1,1,2,2,0.333333333,0.363636364,2
976,2,1,2,2,0.666666667,0.090909091,1
977,2,1,2,2,0.166666667,0,2
978,1,1,2,2,0.166666667,0.272727273,1
979,2,2,3,1,0.666666667,0.545454545,1.5
980,2,1,2,2,0.666666667,0.363636364,1
981,2,2,1,2,0.666666667,0.545454545,1
982,2,1,2,1,0.333333333,0.272727273,2
983,2,2,1,2,0.5,0.454545455,2
984,2,2,1,2,0.833333333,0.272727273,1.5
985,1,2,2,2,0.333333333,0.363636364,1.5
986,2,2,1,2,0.333333333,0,2
987,1,2,2,2,0.666666667,0.363636364,1
988,1,1,2,1,0.333333333,0.090909091,1.25
989,2,2,1,2,0.333333333,0.181818182,1.25
990,2,1,2,2,0.166666667,0.545454545,1.75
991,2,1,3,2,0.333333333,0.272727273,2
992,2,1,2,1,0.333333333,0.636363636,1
993,2,1,3,1,0.333333333,0.181818182,1
994,2,1,2,1,0.666666667,0.545454545,1.25
995,2,1,2,2,0.166666667,0.090909091,2
996,2,1,2,2,0.5,0,1
997,2,1,2,2,0.833333333,0.909090909,1
998,2,1,1,1,0.833333333,0.181818182,1.25
999,2,2,1,2,0.333333333,0,1
1000,2,2,2,2,0.166666667,0.636363636,1.75
1001,2,1,2,2,0.333333333,0.363636364,1.25
1002,1,1,2,1,0.666666667,0.545454545,1.25
1003,1,2,1,2,0.666666667,0.272727273,1
1004,2,1,1,2,0.166666667,0.272727273,1.5
1005,2,1,1,2,0.333333333,0.454545455,1.25
1006,2,1,2,2,0.5,0.181818182,1
1007,2,2,2,2,0.666666667,0.636363636,1.75
1008,2,2,2,2,0.333333333,0.636363636,1.25
1009,2,2,2,2,0.166666667,0.181818182,1.25
1010,2,1,2,1,0.333333333,0.727272727,1
1011,2,2,2,2,0.333333333,0.181818182,1
1012,1,2,1,2,0.166666667,0.454545455,2
1013,1,2,2,2,0.333333333,0.363636364,1
1014,1,2,1,2,0.166666667,0.636363636,1
1015,2,1,3,1,0.5,0.181818182,2
1017,1,1,2,2,1,0.181818182,1.25
1018,2,1,1,2,0.666666667,0.636363636,1
1019,2,1,2,2,0.5,0.818181818,1
1020,2,1,3,2,0.333333333,0.181818182,1.25
1021,2,1,2,2,0.166666667,0.545454545,1
1022,2,1,3,1,0.833333333,0.727272727,2
1023,2,2,1,2,0.333333333,0.272727273,1.75
1024,2,1,2,2,0.166666667,0.909090909,1
1025,2,2,2,2,0.666666667,0.272727273,1.75
1026,1,2,2,2,0.666666667,0.181818182,2
1027,2,1,2,2,0.333333333,0.363636364,2
1028,2,2,2,2,0.666666667,0.727272727,1.25
1029,2,1,1,2,0.333333333,0.909090909,2
1030,2,1,1,2,0.166666667,0,1
1031,1,2,1,2,0.166666667,0.272727273,1.5
1032,2,1,2,1,0.5,0.454545455,1
1033,2,1,2,2,0.333333333,0.454545455,1.25
1034,1,1,3,1,0.666666667,0.909090909,1
1035,2,2,1,2,0.5,0,2
1036,2,2,2,2,0.666666667,0.363636364,2
1037,2,2,1,2,0.166666667,0.090909091,1
1038,1,1,1,2,0.666666667,0.909090909,1.75
1039,1,2,1,2,0.666666667,0.181818182,1.5
1040,1,2,2,1,0.166666667,0.090909091,1.5
1041,2,1,2,2,0.5,0.636363636,2
1042,2,2,2,1,0.5,0,2
1043,2,2,2,1,0.333333333,0,1.25
1044,1,1,1,2,0.666666667,1,1.25
1045,1,1,3,1,0.666666667,0.454545455,1
1046,2,2,1,2,0.5,0.272727273,1.25
1047,2,2,1,1,0.666666667,0.727272727,1
1048,2,1,2,2,0.333333333,0.090909091,1.5
1049,1,2,1,2,0.833333333,0.727272727,1
1050,2,1,3,2,0.333333333,0.181818182,1
1051,2,2,2,2,0.5,0.363636364,1.25
1052,2,1,1,2,0.166666667,0.727272727,1.5
1053,2,1,2,2,0.166666667,0.636363636,1
1054,1,2,2,2,0.166666667,0.818181818,1.25
1055,2,1,2,2,0.666666667,0.909090909,1.75
1056,1,2,2,2,0.666666667,0.636363636,1.5
1057,1,2,1,1,0.166666667,0.818181818,1.25
1058,2,1,2,1,0.166666667,0.363636364,2
1059,2,1,2,1,0.166666667,0.181818182,1.5
1060,2,2,1,1,0.5,0.454545455,1
1061,2,1,1,2,0.333333333,0.181818182,1
1062,1,2,3,2,0.333333333,1,1
1063,2,2,2,2,0.333333333,0.090909091,1
1064,2,2,2,2,0.833333333,0.363636364,1.75
1065,2,2,3,2,0.166666667,0.090909091,2
1066,1,1,1,1,0.5,0.545454545,1.25
1067,2,2,2,2,0.166666667,0.545454545,1
1068,1,2,2,2,0.666666667,0.272727273,1
1069,1,2,2,2,0.666666667,0.181818182,1.75
1070,1,2,2,2,0.666666667,0,2
1071,2,2,2,2,0.333333333,0.090909091,1
1072,2,2,1,2,0.333333333,0.272727273,1.5
1073,2,2,2,1,0.333333333,0.090909091,2
1074,1,2,2,2,0.666666667,0.090909091,1.5
1075,1,2,3,2,0.166666667,0.363636364,1
1076,2,1,2,1,0.166666667,0,2
1077,1,2,1,2,0.166666667,0.090909091,1.25
1078,2,2,1,2,0.833333333,0.636363636,1.25
1079,2,2,1,1,0.333333333,0.181818182,1.5
1080,1,2,1,1,0.166666667,0.272727273,2
1081,1,2,1,2,0.166666667,0.181818182,1
1082,1,2,1,2,0.666666667,0,1.25
1083,2,2,2,2,0.333333333,0.090909091,1.5
1084,2,2,2,2,0.166666667,0.090909091,1.75
1085,1,2,1,1,0.333333333,0.363636364,1.75
1086,1,2,2,1,0.666666667,0.181818182,1.25
1087,2,2,1,2,0.666666667,0.727272727,1.5
1088,1,2,1,2,0.333333333,0.181818182,1
1089,1,2,2,1,0.666666667,0.454545455,1.25
1091,2,2,1,2,0.833333333,0.454545455,1.75
1092,2,2,2,2,0.166666667,0,1.75
1093,2,2,1,2,0.833333333,1,1
1094,2,2,1,1,0.166666667,0.636363636,1.5
1095,2,2,3,1,0.5,0.272727273,2
1096,2,2,1,2,0.833333333,0.818181818,1.5
1097,2,2,2,2,0.333333333,1,2
1098,2,2,1,2,0,0,1
1099,1,2,2,1,0.5,0.454545455,1
1100,2,2,1,2,0.333333333,0.181818182,1.75
1101,2,2,1,1,0.666666667,0.727272727,1.5
1102,1,2,1,1,0.333333333,0.818181818,1
1103,1,2,1,2,0.166666667,0,1.25
1104,1,2,2,2,0.333333333,0.090909091,1
1105,1,2,1,1,0.333333333,0.181818182,1.75
1106,2,2,2,2,0.333333333,0.454545455,1.25
1107,2,1,1,2,0.166666667,0.272727273,1.75
1108,2,2,1,2,0.5,0.454545455,1.25
1109,2,1,1,2,0.833333333,0.909090909,2
1110,2,2,2,1,0.833333333,0.636363636,2
1111,2,2,2,2,0.666666667,0.363636364,1.25
1112,1,2,1,2,0.833333333,0.909090909,1.75
1113,1,2,1,2,0.333333333,0,1.5
1114,2,2,1,1,0.5,0.272727273,1.5
1115,2,2,2,2,0.333333333,0,1
1116,2,2,3,1,0.333333333,0.090909091,2
1117,2,2,1,2,0.166666667,0.090909091,1.75
1118,1,2,2,1,0.666666667,0.727272727,1
1119,2,1,1,2,0.333333333,0.272727273,1.5
1121,2,2,2,2,0.666666667,0.454545455,1
1122,2,2,2,2,0.5,0.363636364,2
1123,2,2,1,2,0.333333333,0.272727273,1.5
1124,2,2,2,1,0,0,1.5
1125,1,2,2,2,0.166666667,0.090909091,1.75
1126,1,2,1,2,0.5,0.181818182,2
1127,1,1,1,1,0.666666667,0.636363636,2
1128,1,2,1,2,0.333333333,0.272727273,1.25
1129,2,2,1,2,0.5,0.454545455,1.75
1130,2,2,2,2,0.333333333,0.454545455,1.5
1131,2,2,2,2,0.666666667,0.363636364,1
1132,2,2,2,2,0.333333333,0.090909091,1
1133,2,2,1,2,0.333333333,0,1
1134,2,2,2,2,0.333333333,0,2
1135,1,2,2,2,0,0.454545455,1.5
1136,2,2,2,2,0.5,0.272727273,2
1137,1,2,1,2,0.333333333,0.363636364,1.5
1138,2,2,1,1,0.666666667,0.181818182,1.25
1139,1,2,1,2,0.666666667,0.909090909,1.5
1141,1,2,2,2,0.333333333,0.363636364,1
1142,1,2,1,2,0.666666667,0,1
1143,2,2,1,2,0.166666667,0.090909091,2
1144,2,2,1,2,0.333333333,0.909090909,1
1145,2,2,1,2,0.333333333,0.363636364,1.25
1146,1,2,2,1,0.333333333,0.272727273,1.25
1147,2,2,2,2,0,0,1.5
1148,1,2,3,2,0.166666667,0.090909091,1.75
1149,2,2,2,2,0.166666667,0.727272727,1.75
1150,1,2,1,2,0.166666667,0.545454545,1
1151,2,2,2,2,0.333333333,0.181818182,2
1152,1,2,2,2,0.166666667,0,1
1153,1,2,2,2,0.666666667,0.454545455,2
1154,1,2,3,2,0.5,0.181818182,1
1155,2,2,1,2,0.833333333,0.818181818,2
1156,2,2,1,2,1,0.636363636,1.75
1157,2,2,1,2,0.5,0.090909091,2
1158,2,1,1,2,1,0.181818182,1.25
1159,2,2,2,2,0,0,2
1160,2,2,2,2,0.166666667,0,1.75
1161,2,2,2,1,0.5,0.181818182,1
1162,2,2,1,2,0.666666667,0.636363636,1.75
1163,2,2,3,2,0.666666667,0.727272727,1.25
1164,1,2,1,2,0.333333333,0.636363636,1.5
1165,2,2,1,2,0.166666667,0.090909091,1
1166,2,2,1,2,0.166666667,0.272727273,1
1167,2,2,1,2,0,0.090909091,2
1168,2,2,1,2,0.666666667,0.272727273,1.75
1169,2,2,2,2,0.166666667,0.181818182,1.5
1170,2,2,2,2,0.333333333,0.181818182,2
1171,2,2,1,2,0.666666667,0.363636364,1.25
1172,2,2,1,1,0.666666667,0.363636364,1.25
1173,2,2,2,2,0.333333333,0.090909091,1.5
1174,2,2,1,2,0.166666667,0.090909091,1
1175,2,2,2,2,0.5,0.454545455,2
1176,1,2,2,1,0.333333333,0.363636364,1.25
1177,2,2,2,1,0.5,0.272727273,1.5
1178,2,2,2,2,0.166666667,0.545454545,1.5
1179,2,2,3,2,0.666666667,0.090909091,1.5
1180,2,2,1,1,1,0.454545455,1.25
1181,2,2,1,2,0.5,0.181818182,1
1182,2,2,1,2,0.166666667,0.272727273,1.5
1183,1,2,2,2,0.666666667,0,1
1184,2,2,2,2,0.666666667,0.636363636,1.5
1185,2,2,1,2,0.166666667,0.090909091,2
1186,2,2,2,2,0.666666667,0.454545455,2
1187,2,2,1,2,0.5,0.363636364,2
1188,2,2,1,1,0.666666667,0.636363636,1.25
1189,2,2,1,2,0.5,0.636363636,1.25
1190,2,2,2,2,0.333333333,0,1
1191,1,2,2,2,0.166666667,0.909090909,2
1192,2,2,1,2,0.333333333,0.727272727,1
1193,1,2,1,2,0.333333333,0.454545455,1.25
1194,2,2,2,1,0.666666667,0.727272727,1.75
1195,1,2,1,1,0.333333333,0.090909091,1.25
1196,2,2,3,2,0.666666667,0.181818182,1.75
1197,2,2,2,2,0.833333333,0.636363636,2
1198,2,2,2,2,0.666666667,0.181818182,1.25
1199,2,2,3,2,0.333333333,0.090909091,1.5
1200,2,2,1,2,0.166666667,0.090909091,2
1201,2,2,1,2,0.5,0.272727273,1.25
1202,2,2,2,2,0.166666667,0.181818182,1.75
1203,1,2,2,2,0.333333333,0.181818182,1.25
1204,2,2,2,2,1,0.181818182,1.5
1205,2,2,2,1,0.666666667,0.454545455,1.5
1206,2,2,1,1,0.333333333,0.181818182,1.25
1207,2,2,1,2,0.333333333,0.090909091,1.5
1208,2,2,2,2,0.833333333,0.090909091,1
1209,2,2,1,1,0.333333333,0.272727273,2
1210,2,2,2,2,0.833333333,0.909090909,1
1211,2,2,3,2,0,0,1.75
1212,1,2,3,2,0.166666667,0.181818182,1
1213,2,2,3,2,0.166666667,0,1
1214,2,2,1,2,0.166666667,0.272727273,2
1215,2,2,1,1,0.166666667,0,2
1216,2,2,1,2,0.333333333,0,1.5
1217,1,2,1,2,0.166666667,0,1.5
1218,1,2,1,2,0.666666667,0.909090909,2
1219,2,2,1,2,0.333333333,0.363636364,2
1220,2,2,1,2,0.666666667,0.272727273,1.25
1221,2,2,1,2,0,0.454545455,2
1222,1,2,1,1,0.666666667,0.909090909,1
1223,1,2,1,1,0.833333333,0.909090909,1
1224,1,2,1,1,0.666666667,0.818181818,2
1225,1,2,1,1,0.833333333,0.454545455,1.5
1226,2,2,2,1,0.5,0.818181818,1
1227,1,2,1,2,0.166666667,0.272727273,1.5
1228,2,2,2,1,0.166666667,0.363636364,2
1229,1,2,2,2,0.833333333,0.090909091,2
1230,1,2,2,2,0.666666667,0.818181818,2
1231,1,2,1,1,0.166666667,0,1.75
1232,2,2,2,1,0.333333333,0.454545455,1.75
1233,1,2,1,2,0.166666667,0.636363636,1.25
1234,1,2,1,2,0.333333333,1,2
1235,2,2,2,2,0.166666667,0,2
1236,2,2,2,2,0,0,1.25
1237,1,2,1,1,1,0.636363636,1.25
1238,2,2,3,2,0.333333333,0.272727273,1.5
1239,2,2,2,2,0.333333333,0.181818182,1.5
1240,2,2,2,2,0.666666667,0.181818182,1.5
1241,2,2,2,2,0.333333333,0,1.75
1242,2,2,1,2,0.333333333,0.363636364,1
1243,2,2,2,2,0.666666667,0.181818182,1.75
1244,2,2,2,1,0.333333333,0.090909091,1
1245,2,2,1,2,0.833333333,0.181818182,1.75
1246,1,2,2,2,0.833333333,0.090909091,1.25
1247,2,2,1,2,0.166666667,0.090909091,1
1248,2,2,2,2,0.666666667,0.636363636,1.5
1249,2,2,2,2,0.333333333,0,2
1250,1,2,1,2,0.333333333,0.454545455,1.5
1251,1,2,1,2,0.333333333,0.272727273,1.25
1252,1,2,3,1,0.166666667,0.181818182,2
1253,2,2,1,1,0.333333333,0.181818182,1.25
1254,2,2,3,1,0.5,1,1.75
1255,2,2,1,2,0.5,0.272727273,2
1256,1,2,1,2,0.333333333,0.454545455,2
1257,2,2,2,2,0.166666667,0,2
1258,1,2,2,2,0.333333333,0.181818182,2
1259,2,2,2,2,0.333333333,0.090909091,2
1260,2,2,2,2,0.333333333,0.090909091,2
1261,1,2,3,2,0.166666667,0.272727273,1.25
1262,1,2,1,2,0.666666667,0.454545455,2
1263,1,2,2,1,0.5,0.909090909,1.75
1264,1,2,1,2,0.166666667,0.090909091,2
1265,1,2,1,2,0.166666667,0.272727273,1.75
1266,1,2,1,2,0.5,0.363636364,1.5
1267,1,2,2,2,0.5,0.454545455,1.25
1268,2,2,3,2,0.333333333,0.909090909,1
1269,2,2,3,2,0.166666667,0.181818182,1.25
1270,2,2,2,2,0.166666667,0,1.25
1271,2,2,3,1,0.166666667,0.454545455,1.5
1272,2,2,2,2,0.166666667,0.090909091,2
1273,2,2,2,2,0.166666667,0.090909091,2
1274,1,2,3,1,0.333333333,0.727272727,1.75
1275,1,2,1,2,0.333333333,0.090909091,2
1276,1,2,1,2,0.5,0.272727273,2
1277,2,2,2,2,0.666666667,0.272727273,1.75
1278,2,2,3,2,0.833333333,0.454545455,1.25
1279,2,2,3,2,0.666666667,0.090909091,1
1280,2,2,2,1,0.666666667,0.090909091,1.5
1281,2,2,1,2,0.333333333,0.909090909,2
1282,1,2,3,2,0.5,0.363636364,1.5
1283,2,2,1,2,0,0.181818182,1.5
1284,2,2,1,1,0.833333333,0.363636364,1
1285,1,2,2,2,0.333333333,0.636363636,1
1286,1,2,3,1,0.166666667,0.454545455,1
1287,2,2,1,1,0.333333333,0.272727273,1
1288,1,2,1,2,0.166666667,0.454545455,2
1289,2,2,2,2,0.333333333,0.090909091,1
1290,2,2,2,2,0.166666667,0.454545455,1
1291,2,2,2,1,0.5,0.272727273,1
1292,1,2,1,2,0.333333333,0.090909091,2
1293,2,2,3,2,0.833333333,0.909090909,1
1294,2,2,1,2,0.166666667,0.090909091,2
1295,1,2,3,1,0.333333333,0,2
1296,2,2,1,1,0.333333333,0.545454545,2
1297,2,2,2,1,0.333333333,0.636363636,1.5
1298,1,2,1,2,0.166666667,0.181818182,1.75
1299,1,2,2,1,0.333333333,0.454545455,1
1300,1,2,1,2,0.5,0.545454545,1
1301,1,2,2,2,0.333333333,0.363636364,1.5
1302,1,2,1,2,0.666666667,0.909090909,1.75
1303,2,2,1,2,0.333333333,0.909090909,1
1304,2,1,1,1,0.833333333,0.636363636,1
1305,2,2,2,2,0.833333333,0.818181818,1.75
1306,2,2,2,2,0.666666667,0.454545455,1
1307,2,2,2,1,0.333333333,0.545454545,2
1308,2,2,1,2,0.833333333,0.636363636,1.5
1309,2,2,1,2,0.166666667,0.545454545,1.25
1310,2,2,1,2,0.166666667,0.090909091,1.75
1311,1,2,1,2,0.5,0.363636364,1.75
1312,1,2,2,1,0.5,0.181818182,1
1313,1,2,1,2,0.666666667,0.363636364,1.5
1314,2,2,3,2,0.166666667,0.545454545,1
1315,1,2,2,1,0.333333333,0.909090909,1.75
1316,2,2,1,2,0.666666667,0.727272727,1.25
1317,2,2,2,2,0.166666667,0.181818182,1.5
1318,2,2,3,2,0.833333333,0.454545455,1.25
1319,2,2,1,2,0.166666667,0,2
1320,1,2,1,2,0.333333333,0.454545455,1.5
1321,2,2,1,2,0.333333333,0.272727273,1
1322,2,2,1,1,0.5,0.545454545,2
1323,1,2,2,2,0.166666667,0.090909091,1.25
1324,2,2,1,2,0.166666667,0,1.5
1325,2,2,1,2,0.5,0.272727273,1.75
1326,1,2,3,2,0.666666667,0.363636364,1
1327,2,2,1,2,0.666666667,0.272727273,1.5
1328,2,2,1,2,0.166666667,1,1
1329,2,2,2,2,0.833333333,0.272727273,2
1330,2,2,2,1,0.666666667,0.181818182,1
1331,2,2,3,2,0.333333333,0.454545455,1.25
1332,2,2,1,1,0.333333333,0.909090909,2
1333,2,2,2,1,0.333333333,0.181818182,1.75
1334,1,2,1,1,0.666666667,0.727272727,2
1335,2,1,2,1,0.5,0.363636364,1.75
1336,1,2,1,2,0.666666667,0.545454545,1.5
1337,1,2,2,1,0.333333333,0.545454545,1.75
1338,2,2,3,2,0.666666667,0.454545455,1.25
1339,2,2,1,2,0.666666667,0.909090909,2
1340,2,2,1,1,0.666666667,0.909090909,1.5
1341,1,2,2,2,0.5,0,1.75
1342,1,2,2,2,0.666666667,0.454545455,2
1343,1,2,1,1,0.833333333,0.454545455,1
1344,2,2,2,1,0.5,0.454545455,1
1345,2,2,2,2,0.333333333,0.090909091,1.5
1346,1,2,1,2,0.166666667,0,1.25
1347,2,2,1,2,0.333333333,0.545454545,1.75
1348,2,2,2,2,0.333333333,0.181818182,1.25
1349,2,2,1,2,0.666666667,0.909090909,1
1350,2,2,1,1,0.166666667,0.272727273,2
1351,2,2,1,2,0.166666667,0,2
1352,1,2,1,2,0.333333333,0.272727273,1.75
1353,2,2,2,2,0.5,0.363636364,1
1354,2,2,2,2,0.166666667,0.090909091,2
1355,2,2,2,1,0.333333333,0.818181818,1
1356,2,2,2,1,0.166666667,0,1.5
1357,2,2,1,2,0.5,0.272727273,1
1358,2,2,2,1,0.333333333,0.272727273,1
1359,2,2,1,2,0.333333333,0,1.25
1360,2,2,2,2,0.5,0.818181818,2
1361,2,2,1,2,0,0.090909091,1
1362,2,2,1,1,0.333333333,0.363636364,1.75
1363,1,2,1,2,0.666666667,0.909090909,2
1364,1,2,1,2,0.166666667,0.454545455,1.75
1365,2,2,1,1,0.666666667,0.363636364,1.25
1366,1,2,2,2,0.166666667,0.181818182,1
1367,1,2,1,2,0.333333333,0.090909091,1
1368,2,2,2,1,0.333333333,0.090909091,1.5
1369,2,2,2,2,0.166666667,0.363636364,2
1370,2,2,1,2,0.166666667,0.545454545,1.75
1371,1,2,1,2,0.833333333,0.909090909,1
1372,2,2,1,2,0.333333333,0.909090909,1
1373,2,2,2,2,0.666666667,0.363636364,1
1374,1,2,2,1,0.666666667,0.090909091,2
1375,1,2,1,2,0,0,1.75
1376,2,2,2,2,0.5,0.727272727,2
1377,2,2,2,2,0.5,0.090909091,1
1378,1,2,1,2,0,0.454545455,1.75
1379,2,2,1,1,0.333333333,0.363636364,1
1380,2,2,1,2,0.333333333,0.454545455,2
1381,2,2,1,2,0.333333333,0.090909091,1.75
1382,2,2,1,2,0.833333333,0.909090909,2
1383,2,2,2,2,0.5,0.727272727,2
1384,2,2,3,2,0.166666667,0,1
1385,1,2,2,2,0.5,0,1.25
1386,2,2,2,2,0.333333333,0,1.25
1387,1,2,1,2,0.666666667,0.636363636,1
1388,2,2,1,2,0.5,0.272727273,2
1389,1,2,1,2,0.166666667,0.090909091,2
1390,2,2,2,2,0.5,0.727272727,1.75
1391,1,2,2,1,0.333333333,0.818181818,2
1392,1,2,2,2,0.5,0.272727273,1.25
1393,2,2,2,2,0.333333333,0.272727273,1.5
1394,2,2,1,2,0.166666667,0.090909091,1.5
1395,2,2,2,1,0.666666667,0.454545455,1
1396,2,2,3,2,0.333333333,0,1.5
1397,1,2,1,2,0.333333333,0.363636364,1
1398,2,2,2,1,0.5,0,1.5
1399,2,2,1,2,0.333333333,0.363636364,1.25
1400,1,2,2,1,0.666666667,0.545454545,1
1401,1,2,1,2,0.666666667,0.272727273,1.5
1402,2,2,1,2,0.333333333,0.181818182,2
1403,2,2,2,2,0.333333333,0.272727273,1.75
1404,1,2,1,2,0.666666667,0.454545455,1.75
1405,2,2,1,2,0,0.090909091,2
1406,2,2,1,1,0.5,0.181818182,2
1407,2,2,2,2,0.166666667,0.272727273,2
1408,2,2,2,2,0.666666667,0.363636364,1
1409,2,2,2,2,0.333333333,0,1.75
1410,1,2,2,1,0.833333333,1,1
1411,2,2,1,2,0.166666667,0,2
1412,2,2,2,2,0.333333333,0.454545455,1
1413,1,2,1,2,0,0.272727273,2
1414,1,2,2,1,0.333333333,0.272727273,1
1415,2,2,1,2,0.166666667,0.272727273,2
1416,1,2,2,2,0.5,0.454545455,1.25
1417,1,2,3,1,0.333333333,0.454545455,1
1418,2,2,3,1,0.666666667,0.090909091,1.75
1419,2,2,2,2,0.833333333,0.363636364,1
1420,1,2,2,2,0.166666667,0,1
1421,1,2,1,2,0.166666667,0,1.5
1422,2,2,2,1,0.666666667,0.636363636,1
1423,1,2,2,2,0.166666667,0.181818182,2
1424,2,2,2,2,0.166666667,0.454545455,2
1425,2,2,1,1,0.5,0.272727273,1.5
1426,2,2,2,2,0.166666667,0.181818182,1.5
1427,2,2,1,2,0.166666667,0.181818182,1
1428,2,2,1,2,0.333333333,0.272727273,2
1429,2,2,2,2,0.166666667,0.181818182,1.5
1430,1,1,1,2,0.166666667,0.272727273,1
1431,2,2,2,2,0.166666667,0.181818182,1
1432,2,2,1,2,0.5,0.090909091,1.25
1433,1,2,1,2,0.333333333,0.636363636,2
1434,1,2,1,2,0.166666667,0,1.75
1435,2,2,2,2,0.333333333,0.181818182,2
1436,2,2,2,2,0.333333333,0.090909091,2
1437,2,2,1,1,0.333333333,0,2
1438,2,2,2,2,0.333333333,0.090909091,1.75
1439,2,2,2,2,0.666666667,0.181818182,1
1440,1,2,2,2,0.833333333,0.545454545,1.25
1441,2,2,1,2,0.333333333,0.818181818,1
1442,2,2,1,2,0.666666667,0,2
1443,2,2,3,1,0.333333333,0.090909091,2
1444,2,2,1,2,0.333333333,0.909090909,1.75
1445,2,2,2,2,0.166666667,0.090909091,1.5
1446,2,2,1,2,0.166666667,0,1.25
1447,2,2,2,2,0.333333333,0.090909091,2
1448,1,2,1,2,0.666666667,0.363636364,1
1449,1,2,2,2,0.833333333,0.909090909,1
1450,2,2,2,1,0.333333333,0.454545455,1.5
1451,2,2,1,1,0.666666667,0.090909091,1.25
1452,2,2,1,2,0.666666667,0.272727273,1.5
1453,1,2,2,2,0.333333333,0.454545455,2
1454,2,2,2,2,0.166666667,0.727272727,1.25
1455,1,2,1,2,0.666666667,0.181818182,2
1456,2,2,2,2,0.5,0,1
1457,2,2,2,2,0.666666667,0.909090909,1
1458,2,2,1,2,0.5,0,2
1459,2,2,1,2,0.5,0.181818182,1.75
1460,1,2,1,2,0.333333333,0.454545455,1.25
1461,2,2,2,1,0.166666667,0.454545455,2
1462,1,2,1,1,0.166666667,0.181818182,1.25
1463,2,2,1,2,0.5,0.454545455,2
1464,2,2,2,2,0.5,0.090909091,2
1465,2,2,1,2,0.166666667,0.909090909,2
1466,1,2,1,2,0.5,0.636363636,1.5
1467,2,2,1,2,0.166666667,0.636363636,1.75
1468,2,2,2,2,0.333333333,0.272727273,1.75
1469,2,2,1,2,0.166666667,0,1.5
1470,1,2,3,2,0.666666667,0.181818182,2
1471,2,2,2,2,0.5,0.727272727,1.5
1472,2,2,3,2,0.5,0.090909091,1.25
1473,2,2,1,1,0.5,0.181818182,1.25
1474,2,2,2,2,0.333333333,0.272727273,2
1475,1,2,2,2,0,0.272727273,1.25
1476,2,2,1,2,0.666666667,0.454545455,1.75
1477,2,2,1,1,0.333333333,0.363636364,2
1478,2,2,1,1,0.666666667,0.909090909,1.25
1479,2,2,2,2,0.333333333,0.272727273,1
1480,2,2,1,1,0.666666667,0.272727273,1
1481,2,2,2,2,0.833333333,0.909090909,2
1482,2,2,1,2,0.166666667,0.454545455,1.5
1483,2,2,2,2,0.333333333,0.545454545,1.25
1484,1,2,2,2,0.166666667,0,2
1485,1,2,2,2,0.166666667,0.363636364,1
1486,1,2,1,1,0.666666667,0,1
1487,1,2,2,2,0.333333333,0.272727273,1.25
1489,2,2,2,2,0.333333333,0.090909091,1.5
1490,2,2,2,1,0.166666667,0.636363636,2
1491,1,2,1,2,0.333333333,0.454545455,1.25
1492,2,2,2,2,0.333333333,0.363636364,1.25
1493,1,2,2,2,0.166666667,0.545454545,1.75
1494,1,2,1,2,0.333333333,0.545454545,1.75
1495,2,2,1,2,0.333333333,0.363636364,1.5
1496,2,2,2,2,0.333333333,1,1
1497,2,2,1,2,0.333333333,0.090909091,2
1498,2,2,1,2,0.666666667,0.363636364,1.25
1499,1,2,1,2,0.166666667,0.454545455,1.75
1500,1,2,1,2,0.166666667,0.272727273,1.5
1501,1,2,3,2,0.666666667,0.454545455,1.5
1502,2,2,1,2,0.333333333,0.181818182,1
1503,1,2,1,2,0.666666667,0.454545455,1.25
1504,1,2,2,2,0.666666667,0.909090909,1
1505,2,2,1,2,0.166666667,0.090909091,1
1506,2,2,2,1,0.666666667,0.909090909,1.25
1507,1,2,1,2,0.333333333,0.909090909,1.5
1508,2,2,1,1,0.333333333,0.363636364,1.25
1509,2,2,1,2,0.333333333,0.818181818,1
1510,2,2,2,2,0.333333333,0.545454545,2
1511,2,2,2,2,0.166666667,0.181818182,1
1512,2,2,1,1,0.333333333,0,2
1513,1,2,1,2,0.5,0.272727273,1.75
1514,1,2,2,2,0.666666667,0.454545455,1
1515,2,2,1,1,0.333333333,0.272727273,2
1516,2,2,2,2,0.5,0,2
1517,2,2,1,2,0.666666667,0.272727273,1
1518,2,2,1,2,0.833333333,0.818181818,2
1519,2,2,2,2,0.666666667,0.727272727,1
1520,2,2,2,1,0.333333333,0.181818182,1.75
1521,2,2,2,2,0.333333333,0.545454545,1
1522,2,2,2,2,0.166666667,0.181818182,1.25
1523,2,2,1,2,0.166666667,0.090909091,2
1524,2,2,2,2,0.333333333,0,2
1525,2,2,1,1,0.333333333,0.363636364,1
1526,2,2,1,2,0.666666667,0.090909091,2
1527,2,2,2,2,0.333333333,0.363636364,2
1528,1,2,1,1,0.333333333,1,1.25
1529,2,2,1,1,0.333333333,0.636363636,1.25
1530,2,2,2,1,0.5,0.363636364,1
1531,2,2,2,2,0.5,0.272727273,1
1532,2,2,1,2,0.333333333,0,1.75
1533,2,2,1,2,0.333333333,0.454545455,1
1534,2,2,2,1,0.666666667,0.818181818,1.5
1535,2,2,1,2,0.5,0.909090909,1
1536,2,2,3,1,0.666666667,0.090909091,1
1537,2,2,1,2,0,0.363636364,2
1538,1,2,1,2,0.666666667,0.727272727,1.25
1539,2,2,1,2,0.5,0.818181818,1.75
1540,2,2,1,1,0.333333333,0,1
1541,2,2,2,2,0.166666667,0,1.5
1542,2,2,2,2,0.333333333,0.545454545,1.75
1543,2,2,2,2,0.666666667,0.090909091,1
1544,1,2,1,2,0.666666667,0.909090909,1
1545,2,2,3,1,0.333333333,0.272727273,2
1546,1,2,1,2,0.166666667,0,1
1547,2,2,1,2,0,0.090909091,1.75
1548,1,2,2,2,0.166666667,0.454545455,1.5
1549,2,2,2,1,0.333333333,0.363636364,1.5
1550,2,2,2,1,0.666666667,0.181818182,1.75
1551,2,2,2,2,0.333333333,0.090909091,2
1552,2,2,1,1,0.333333333,0.272727273,2
1553,2,2,1,2,0.166666667,0.363636364,1.75
1554,2,2,2,2,0.5,0.181818182,1.5
1555,2,2,1,2,0.333333333,0.090909091,1.25
1556,1,2,1,2,0.666666667,0.909090909,1.5
1557,1,2,1,1,0.833333333,0.636363636,2
1558,2,2,1,2,0.333333333,0.181818182,1.75
1559,2,2,2,1,0.666666667,0.363636364,2
1560,2,2,1,2,0,0.272727273,1.5
1561,2,2,1,2,0.166666667,0,1.75
1562,1,2,2,2,0.333333333,0.454545455,1.25
1563,2,2,2,2,0.666666667,0.636363636,2
1564,2,2,3,2,0.333333333,0.727272727,2
1565,2,2,2,2,0.666666667,0.454545455,1
1566,2,2,2,2,0.166666667,0.454545455,1
1567,1,2,1,2,0.666666667,0.363636364,1.25
1568,2,2,1,2,0.166666667,0.363636364,2
1569,2,2,2,2,0.333333333,0.272727273,2
1570,2,2,2,2,0.333333333,0.272727273,1
1571,2,2,1,2,0.166666667,0.818181818,2
1572,2,2,2,2,0.666666667,0.818181818,1
1573,2,2,3,2,0.666666667,0.909090909,1.5
1574,2,2,2,2,0.833333333,0.909090909,1.75
1575,1,2,2,2,0.166666667,0.272727273,2
1576,1,2,1,2,0.333333333,0.181818182,2
1577,2,2,2,1,0.5,0.272727273,1.25
1578,2,2,2,2,0.166666667,0,2
1579,1,2,2,2,0.666666667,0.909090909,1.5
1580,2,2,3,1,0.166666667,0.272727273,1.25
1581,1,2,2,2,0.666666667,0.727272727,1
1582,2,2,2,2,0.333333333,0.363636364,1.25
1583,1,2,1,2,0.5,0.181818182,1.75
1584,2,2,1,1,0.166666667,0.545454545,1
1585,1,2,2,2,0.833333333,0.363636364,2
1586,2,2,1,2,0,0,2
1587,2,2,2,2,0.333333333,0.090909091,1.75
1588,2,2,1,1,0.333333333,0.181818182,2
1589,2,2,1,2,0.166666667,0,1
1590,2,2,2,1,0.833333333,0.636363636,1.5
1591,2,2,1,2,0.333333333,0,1.75
1592,1,2,2,2,0.333333333,0.545454545,2
1593,1,2,2,2,0.166666667,0.272727273,1.25
1594,1,2,2,1,0.333333333,0.636363636,1
1595,1,2,1,1,0.5,0.636363636,2
1596,2,2,2,1,0.333333333,0.363636364,1
1597,2,2,2,2,0.666666667,0.727272727,1.5
1598,2,2,1,1,0.166666667,0.272727273,1.5
1599,2,2,1,2,0.666666667,0.545454545,1.25
1600,2,2,2,2,0.166666667,0.090909091,2
1601,2,2,1,1,0.666666667,0.181818182,1.75
1602,1,2,3,1,0.166666667,0.454545455,1.5
1603,2,2,2,1,0.333333333,0.454545455,1.75
1604,2,2,2,2,0.333333333,0.090909091,1.5
1605,1,2,3,1,0.333333333,0,1.25
1606,2,2,2,2,0.333333333,0.454545455,2
1607,2,2,1,2,0.833333333,0.181818182,2
1608,2,2,1,1,0.5,0.363636364,1.75
1609,2,2,2,2,0.5,0.545454545,1
1610,1,2,3,2,0.666666667,0.636363636,1
1611,2,2,1,1,0.333333333,0.090909091,1
1612,2,2,1,2,0.333333333,0.727272727,1.5
1613,1,2,1,2,0.166666667,0.727272727,1.25
1614,2,2,2,2,0.333333333,0.090909091,1.75
1615,2,2,2,2,0.833333333,0.818181818,1.5
1616,1,2,1,2,0.666666667,0.909090909,1.5
1617,2,2,2,2,0.166666667,0.545454545,2
1618,1,2,1,1,0.666666667,0.090909091,1.25
1619,2,2,3,2,0.333333333,0.454545455,1.75
1620,2,2,2,2,0.333333333,0.636363636,1.5
1621,2,2,2,2,0.166666667,0.181818182,1.25
1622,2,2,2,1,0.833333333,0.272727273,1.75
1623,2,2,1,2,0.333333333,0.272727273,1.5
1624,1,2,3,2,0.166666667,0.454545455,1.25
1625,2,2,1,2,0.5,0.636363636,1
1626,2,2,2,1,0.166666667,0,1.25
1627,1,2,1,2,0.333333333,0.363636364,2
1628,2,2,2,1,0.666666667,0.363636364,1.5
1629,2,2,1,2,0.166666667,0.272727273,2
1630,2,2,2,2,0.333333333,0.909090909,1
1631,1,2,3,2,0.333333333,0.636363636,1.75
1632,1,2,3,2,0.666666667,0.181818182,1.75
1633,1,2,1,2,0.333333333,0.272727273,1.75
1634,2,2,1,2,0.333333333,0.909090909,1
1635,2,2,1,2,0.5,0.181818182,1.75
1636,2,2,3,2,0.166666667,0.181818182,1
1637,2,2,2,1,0.666666667,0.818181818,1.5
1638,2,2,2,2,0.666666667,0.363636364,1.5
1639,2,2,2,1,0.5,0.636363636,2
1640,2,2,2,2,0.5,1,1.5
1641,2,2,2,2,0.333333333,0.272727273,2
1642,2,2,2,1,0.166666667,0.363636364,1.75
1643,2,2,2,2,0.666666667,0.363636364,2
1644,2,2,2,1,0.666666667,0.363636364,1
1645,2,2,1,2,0.833333333,0.636363636,1.5
1646,2,2,2,2,0.5,0.272727273,1.5
1647,2,2,2,2,0.333333333,0.272727273,2
1648,1,2,2,2,0.666666667,0.454545455,2
1649,1,2,1,1,0.166666667,0.363636364,1.75
1650,2,1,3,2,0.5,0.363636364,1.75
1651,2,2,1,2,0.5,0.090909091,1
1652,2,2,1,2,0.666666667,0.181818182,1
1653,2,2,1,2,0.5,0.363636364,1
1655,2,2,2,2,0.833333333,0.454545455,1.5
1656,2,2,1,2,0.166666667,0.090909091,2
1657,2,2,2,2,0.333333333,0.181818182,1
1658,2,2,2,2,0.833333333,0.454545455,1
1659,2,2,3,1,0.333333333,0.181818182,2
1660,2,2,3,2,0.833333333,0.363636364,1.25
1661,2,2,1,2,0.5,0.818181818,2
1662,2,2,3,1,0,0.090909091,2
1663,2,2,2,2,0.333333333,0.272727273,1.25
1664,1,1,2,2,0.166666667,0.727272727,2
1665,2,2,1,2,0.333333333,0,2
1666,1,2,2,2,0.666666667,0.909090909,1.25
1667,2,2,3,2,0.666666667,0,2
1668,1,2,1,2,0.833333333,0.090909091,2
1669,2,2,1,2,0.666666667,0.909090909,1.5
1670,1,2,2,2,0.833333333,1,1
1671,1,2,1,2,0.5,0.181818182,1.25
1672,2,2,1,2,0.666666667,0.363636364,1
1673,2,2,2,2,0.5,0.363636364,1.75
1674,2,2,2,2,0.5,0.545454545,1
1675,2,2,2,2,0.333333333,0.363636364,1
1676,2,2,1,1,0.5,0,2
1677,2,2,1,2,0.333333333,0.363636364,1.75
1678,1,2,2,2,0.333333333,0.818181818,2
1679,2,2,3,1,0.166666667,0,1.75
1680,1,2,2,1,0.333333333,0.909090909,1.75
1681,2,2,1,2,0.5,0.636363636,1.5
1682,2,2,1,2,0.333333333,0.181818182,1.5
1683,2,2,2,2,0.666666667,0.363636364,1.5
1684,2,2,2,1,0.166666667,0,1.5
1685,1,2,1,1,0.166666667,0,1
1686,2,2,1,2,0.333333333,0.090909091,2
1687,2,2,2,2,0.666666667,0.636363636,1.5
1688,2,2,2,1,0.666666667,0.636363636,1
1689,1,2,2,2,0.666666667,0.545454545,1
1690,2,2,1,1,0.333333333,0.181818182,1.25
1691,2,2,2,2,0.333333333,0.363636364,1.75
1692,1,2,1,2,0.5,0.181818182,1
1693,2,2,2,2,0.5,0.181818182,1.75
1694,2,2,1,2,0.166666667,0,2
1695,2,2,1,2,0.166666667,0,2
1696,1,2,1,1,0.166666667,0.181818182,1
1697,2,2,2,1,0.666666667,0.545454545,1.25
1698,2,2,2,2,0.666666667,0.909090909,1.25
1699,2,2,2,2,0.166666667,0.363636364,1.5
1700,2,2,1,1,0.666666667,0.090909091,1.25
1701,1,2,1,2,0.5,0.181818182,1.75
1702,1,2,3,1,0.333333333,0.545454545,1.5
1703,2,2,2,2,0.333333333,0.454545455,1.5
1704,1,2,1,1,0.5,0.363636364,1.75
1705,2,2,2,2,0.666666667,0.090909091,2
1706,2,2,1,2,0.166666667,0.363636364,1
1707,2,2,1,2,0.166666667,0.181818182,1
1708,2,2,1,1,0.666666667,0.181818182,1.25
1709,1,1,2,1,0.666666667,0.272727273,1
1710,2,2,1,2,0.5,0.181818182,2
1711,2,2,1,2,0.833333333,0.818181818,1
1712,2,2,1,2,0.166666667,0.181818182,1.5
1713,2,2,2,2,0.333333333,0.272727273,2
1714,2,2,1,2,0.666666667,0.363636364,1.25
1715,2,2,1,2,0.166666667,0.090909091,2
1716,2,2,1,2,0.166666667,0.363636364,1.75
1717,1,2,1,1,0.5,0.909090909,1.75
1718,2,2,2,2,0.666666667,0.818181818,1
1719,2,2,1,1,0.333333333,0.909090909,1.5
1720,2,2,1,2,0.5,0.090909091,1.5
1721,2,2,1,2,0.5,0.454545455,1.5
1722,2,2,1,2,0.5,0.272727273,1.75
1723,1,2,1,2,0.833333333,0,2
1724,2,2,1,2,0.333333333,0.545454545,2
1725,2,2,2,1,0.666666667,0.909090909,1.25
1726,1,2,1,2,0.166666667,0.272727273,1
1727,1,2,2,2,0.333333333,0.090909091,2
1728,2,2,3,2,0.5,1,2
1729,2,2,1,2,0.833333333,0.909090909,1
1730,2,2,2,2,0.5,0.090909091,1
1731,2,2,2,1,0.166666667,0,1
1732,2,2,2,1,0.666666667,0.454545455,2
1733,2,2,2,2,0.666666667,0.727272727,1.25
1734,1,2,1,2,0.166666667,0.363636364,2
1735,2,2,2,1,0.666666667,0.636363636,1.5
1736,1,2,2,2,0.166666667,0.909090909,1.25
1737,2,2,1,2,0.166666667,0.454545455,1.25
1738,2,2,1,1,0.333333333,0.363636364,1.5
1739,2,2,2,2,0.333333333,0.727272727,1.75
1740,2,2,2,2,0.166666667,0.363636364,2
1741,1,2,2,2,0.166666667,0,1
1742,1,2,2,2,0.5,0.181818182,1
1743,1,2,2,2,0.666666667,0.272727273,1
1744,2,2,2,2,0.666666667,0.363636364,1.75
1745,2,2,2,2,0.666666667,0.545454545,1.5
1746,1,2,1,1,0.666666667,0.909090909,1.75
1747,2,2,2,2,0.166666667,0.090909091,2
1748,2,2,1,1,0.666666667,0.363636364,1
1749,2,2,2,1,0.333333333,0.181818182,1.75
1750,2,2,2,2,0.666666667,0.909090909,1.5
1751,1,2,2,1,0.333333333,0.090909091,1.25
1752,1,2,1,2,0.166666667,0.272727273,1
1753,2,2,1,1,0.5,0.545454545,1.5
1754,2,2,1,2,0.5,0.272727273,1.75
1755,1,2,1,2,0.333333333,0.454545455,1.5
1756,2,2,2,2,0.833333333,0.363636364,1
1757,2,2,2,2,0,0,1
1758,1,2,2,2,0.333333333,0.181818182,1.25
1759,2,2,1,1,0.666666667,0.272727273,1.75
1760,1,2,2,1,0.666666667,0.545454545,1.25
1761,2,2,2,1,0.833333333,0.909090909,1
1762,1,2,1,2,0.166666667,0.636363636,1.25
1763,1,2,1,1,0.333333333,0.363636364,1
1764,1,2,2,2,0.666666667,1,1.75
1765,2,2,1,1,0.5,0.636363636,1.25
1766,2,2,1,2,0.333333333,0.272727273,2
1767,1,2,1,2,0.166666667,0.272727273,1.75
1768,2,1,2,1,0.5,0.363636364,2
1769,1,2,3,2,0.5,0.090909091,1.25
1770,2,2,2,2,0.833333333,0.636363636,1.25
1771,1,2,2,2,0.666666667,0.545454545,1
1772,2,2,1,2,0.5,0.636363636,2
1773,2,2,1,2,0.333333333,0,1.75
1774,1,2,1,2,0.666666667,0.363636364,1.25
1775,2,2,2,2,0.666666667,0.545454545,1.5
1776,2,2,1,1,0.166666667,0.272727273,1.5
1777,1,2,3,2,0.833333333,1,1
1778,1,2,1,2,0.666666667,0,1.75
1779,2,2,2,2,0.666666667,0.818181818,2
1780,1,2,1,2,0.666666667,0.363636364,1
1781,2,2,2,1,0.166666667,0,1
1782,1,2,3,1,0.166666667,0,2
1783,2,1,3,2,0.166666667,0.272727273,1
1784,2,2,3,2,0.666666667,0.454545455,1.5
1785,1,2,3,2,0.666666667,0.545454545,1.5
1786,2,2,2,1,0.666666667,0.545454545,1.75
1787,2,1,2,2,0.666666667,0,1.5
1789,1,2,2,2,0.333333333,0,1
1790,2,2,1,2,0.666666667,0.272727273,1.5
1791,2,2,1,2,0.333333333,0.090909091,1.75
1792,2,1,2,2,0.166666667,0.272727273,1
1793,1,1,2,2,0.166666667,0.636363636,1.25
1794,2,1,2,1,0.333333333,0.181818182,1.25
1795,1,1,2,2,0.166666667,0.272727273,1
1796,2,1,3,2,0.5,0.090909091,2
1797,1,1,2,2,0.666666667,0.909090909,2
1798,2,1,1,1,0.333333333,0.181818182,2
1799,2,1,2,2,0.166666667,0.818181818,2
1800,1,1,2,2,0.666666667,0.545454545,2
1801,1,2,2,2,0.666666667,0.272727273,1
1802,2,1,3,2,0.166666667,0,1.75
1803,1,1,3,2,0.166666667,0.090909091,1
1804,2,2,3,2,0.166666667,0.090909091,1.25
1805,2,1,2,2,0.333333333,0.545454545,1
1806,2,1,1,2,0.5,0.272727273,1.5
1807,2,1,2,2,0.5,0.545454545,1
1808,2,1,1,1,0.333333333,0.090909091,1.75
1809,1,1,2,2,0.333333333,0.545454545,1
1810,2,1,2,2,0.833333333,0.272727273,2
1811,2,1,3,2,1,0.454545455,1
1812,2,1,1,2,0.333333333,0.363636364,1
1813,2,1,3,2,0.5,0.090909091,1
1814,2,1,2,2,0.333333333,0.090909091,1
1815,1,1,2,2,0.166666667,0.818181818,1.5
1816,2,1,3,2,0.333333333,0.181818182,1.75
1817,1,2,2,2,0.666666667,0.636363636,1.5
1818,2,1,1,2,0.666666667,0.727272727,2
1819,1,1,2,2,0.666666667,0.909090909,1.75
1820,1,1,1,2,0.333333333,0.090909091,2
1821,2,1,2,1,0.666666667,0.363636364,1
1822,2,1,1,2,0.333333333,0.272727273,1.25
1823,1,1,2,1,0.666666667,0.454545455,1
1824,2,1,2,1,0.333333333,0.181818182,1.5
1825,2,1,1,2,0.333333333,0.090909091,1
1826,2,1,2,1,0.333333333,0.181818182,1
1827,2,1,2,2,0.833333333,0.818181818,1.75
1828,1,1,2,2,0.333333333,0.272727273,1.25
1829,2,1,3,1,0.666666667,0.181818182,1
1830,1,1,1,1,0.333333333,0.454545455,1.75
1831,2,1,2,2,0.333333333,0.272727273,1
1832,2,1,2,1,0.666666667,0.363636364,1.75
1833,1,1,3,2,0.833333333,0.909090909,1
1834,1,1,2,1,0.333333333,0.909090909,2
1835,2,1,1,2,0.166666667,0.090909091,2
1836,2,1,2,1,0.833333333,0.363636364,1
1837,2,1,2,2,0.666666667,0.454545455,2
1838,2,1,3,2,0.166666667,0.090909091,2
1839,2,1,1,2,0.166666667,0.272727273,2
1840,2,1,3,2,0.166666667,0.090909091,1.75
1841,2,1,2,2,0.333333333,0.090909091,1
1842,2,1,2,2,0.5,0.909090909,1
1843,1,1,2,2,0.166666667,0.090909091,2
1844,2,1,2,1,0.833333333,0.818181818,1
1845,2,1,2,2,0.833333333,0.272727273,1
1846,2,1,2,2,0.666666667,0.181818182,1
1847,1,1,3,1,0.166666667,0.454545455,2
1848,2,1,2,2,0.333333333,0.454545455,1.25
1849,2,1,2,2,0.833333333,0.909090909,1
1850,2,1,3,2,0.166666667,0.090909091,1.75
1851,2,1,3,2,0.166666667,0.272727273,1
1852,2,1,2,1,0.666666667,0.818181818,1.25
1853,2,1,3,2,0.833333333,0.545454545,2
1854,1,1,2,2,0,0.909090909,1.75
1855,2,1,2,1,0.166666667,0.090909091,2
1856,2,1,1,2,0.166666667,0.818181818,1
1857,1,1,3,2,0.166666667,0.272727273,1
1858,1,1,1,2,1,0.545454545,1
1859,1,1,2,2,0.333333333,0.545454545,1.5
1860,1,1,2,1,0.666666667,0.090909091,1
1861,2,1,1,2,0.5,0.090909091,1
1862,2,1,2,1,0.333333333,0.636363636,1
1863,2,1,2,2,0.333333333,0.090909091,1
1864,1,1,2,2,0.166666667,0.909090909,1
1865,1,1,2,1,0.833333333,0.181818182,2
1866,2,1,3,2,0.166666667,0.181818182,1.25
1867,2,1,2,2,0.333333333,0.909090909,1
1868,2,1,2,2,0.166666667,0.454545455,2
1869,2,1,2,2,0.333333333,0.181818182,1.5
1870,1,1,2,1,0.666666667,0.545454545,1
1871,1,1,2,2,0.333333333,0.545454545,1
1872,1,1,2,1,0.666666667,0.909090909,1
1873,2,1,3,2,0.666666667,0.909090909,1
1874,1,1,2,2,0.666666667,0.909090909,1
1875,1,1,2,2,0.666666667,0.818181818,1.75
1876,2,2,2,1,0.666666667,0.090909091,1
1877,1,1,2,2,0.833333333,0.181818182,1
1878,1,1,2,2,0.666666667,0.181818182,1
1879,2,1,2,2,0.333333333,0.909090909,1.5
1880,1,1,3,1,0.333333333,1,1.25
1881,2,1,3,2,0.333333333,0,1.5
1882,2,1,1,2,0.5,0.272727273,1
1883,1,1,2,1,0.666666667,0.454545455,1.75
1884,2,1,1,2,0.666666667,0.909090909,1
1885,1,1,2,2,0.833333333,0.727272727,1.25
1886,2,1,2,2,0.666666667,0.181818182,1
1887,2,1,3,2,0.166666667,0.545454545,1
1888,2,1,2,1,0.166666667,0.181818182,1.75
1889,2,1,3,2,0.166666667,0.090909091,1
1890,2,1,2,2,0.166666667,0.727272727,2
1891,2,1,3,2,0.333333333,0.181818182,1
1892,2,1,1,2,0.333333333,0.181818182,1.5
1893,1,1,2,1,0.666666667,0.727272727,1
1894,2,1,2,2,0.833333333,0.545454545,1
1895,2,1,2,2,0.666666667,0.909090909,1
1896,2,1,3,1,0.333333333,0.363636364,1
1897,2,1,1,2,0.333333333,0.636363636,1
1898,2,1,2,2,0.333333333,1,1
1899,2,1,2,2,0.333333333,0.727272727,1.5
1900,2,1,3,2,0.5,0.272727273,1.5
1901,2,1,2,2,0.5,0.272727273,1
1902,2,1,1,1,0.833333333,0.090909091,1
1903,2,1,2,2,0.666666667,0.363636364,1
1904,2,1,2,2,0.833333333,0.090909091,1.5
1905,2,1,1,2,0.333333333,0.909090909,1
1906,1,2,2,2,0.666666667,0,2
1907,2,1,2,2,0.666666667,0.727272727,1.5
1908,1,1,2,2,0.333333333,0.181818182,1
1909,1,1,2,2,0.666666667,0.636363636,1
1910,2,1,2,2,0.333333333,0.909090909,1.25
1911,2,1,2,2,0.666666667,0.454545455,1.25
1912,2,2,1,1,0.666666667,0.181818182,2
1913,2,2,1,1,0.833333333,0.636363636,1.5
1914,2,1,3,2,0.333333333,0.272727273,2
1915,1,1,1,2,0.666666667,0.272727273,2
1916,2,1,2,1,0,0.090909091,1.75
1917,1,1,2,2,0.5,0.727272727,1
1918,2,1,3,2,0.333333333,0.454545455,1.25
1919,2,2,3,2,0.166666667,0.090909091,1.5
1920,2,2,1,2,0.166666667,0.090909091,1.75
1921,2,1,3,2,0.166666667,0.181818182,1
1922,1,1,2,1,0.5,0.090909091,1.25
1923,2,1,2,2,0.333333333,0.272727273,1
1924,2,1,2,1,0.666666667,0.909090909,2
1925,2,1,3,2,0,0,1.75
1926,1,1,1,2,0,0,1.5
1927,1,2,1,2,0.166666667,0,1
1928,2,1,3,2,0.166666667,0.090909091,1.5
1929,1,1,1,2,0.333333333,0,1.75
1930,2,1,3,2,0.166666667,0.181818182,1
1931,2,1,2,2,0.166666667,0,1.25
1932,1,1,3,2,0.166666667,0.181818182,1.25
1933,1,2,1,2,0.166666667,0.363636364,1
1934,2,1,3,2,0.333333333,0.090909091,2
1935,1,1,2,1,0.166666667,0.272727273,2
1936,1,1,2,2,0.666666667,0.636363636,1.75
1937,2,1,2,2,0.166666667,0.363636364,1.5
1938,1,1,3,2,0,0.454545455,1
1939,2,2,2,2,0.5,0.727272727,1.5
1940,2,2,2,1,0.333333333,0.090909091,1.25
1941,2,2,2,2,0.333333333,0.909090909,2
1942,2,1,3,2,0,0.181818182,1.25
1943,1,1,2,2,0.833333333,1,1
1944,1,2,1,2,0.166666667,0.090909091,1.25
1945,1,1,1,2,0.166666667,0,2
1946,2,1,1,2,0.5,0.818181818,1.25
1947,1,1,1,1,0.5,0.272727273,1.25
1948,2,1,2,2,0.666666667,0.727272727,1
1949,1,1,2,2,0.5,0.909090909,1.25
1950,1,1,1,2,0.333333333,0.181818182,1
1951,2,1,2,2,0.333333333,0.636363636,1
1952,2,1,2,2,0.333333333,0.090909091,2
1953,2,1,1,2,0.666666667,0.272727273,1
1954,1,1,2,2,0.833333333,0.272727273,1.25
1955,2,1,3,1,0.5,0.090909091,1
1956,2,2,1,2,0.5,0.454545455,1.75
1957,2,1,2,2,0.833333333,0.454545455,2
1958,1,1,2,2,0.666666667,0.454545455,1
1959,2,2,1,2,0.333333333,0.363636364,1.25
1960,1,1,3,1,0.666666667,0.909090909,1
1961,2,1,1,2,0.666666667,0.363636364,1
1962,2,1,2,1,0.666666667,0.545454545,1
1963,2,1,3,2,0.166666667,0.454545455,1.25
1964,2,1,3,2,0.333333333,0.272727273,1
1965,2,1,2,2,0.666666667,0.818181818,1.75
1966,1,1,2,2,0.5,0.272727273,1
1967,1,1,2,2,0.666666667,0.909090909,1
1968,1,1,2,2,0.5,0.818181818,1.25
1969,1,1,2,2,0.833333333,1,1
1970,2,2,2,2,0.333333333,0.181818182,2
1971,2,2,1,1,0.166666667,0.272727273,1
1972,1,1,1,2,0.666666667,0.454545455,1.25
1973,2,2,1,1,0.5,0.090909091,1.25
1974,2,2,1,2,0.333333333,0.090909091,1.5
1975,2,2,3,2,0.333333333,0,1
1976,2,2,2,1,0.333333333,0.454545455,1.75
1977,1,2,2,2,1,1,1
1978,2,2,1,2,0.333333333,0.181818182,2
1979,2,2,2,2,0.166666667,0.363636364,1.5
1980,2,2,1,1,0.333333333,0.090909091,1.5
1981,1,2,2,2,0.166666667,0.636363636,1.5
1982,2,2,2,2,0.833333333,0.090909091,1.75
1983,1,2,2,1,0,0,1
1984,2,1,2,2,0.333333333,0.272727273,1
1985,1,2,2,2,0.5,0,1.5
1986,1,2,1,1,0.5,0.181818182,1.75
1987,2,2,1,1,0.333333333,0.090909091,2
1988,2,2,1,1,0.833333333,0.545454545,1.75
1989,1,2,3,2,0.166666667,0.545454545,1
1990,2,2,3,1,0.666666667,0.272727273,2
1991,2,2,3,2,0.333333333,0.272727273,1.25
1992,1,2,1,1,0.5,0.272727273,1
1993,1,1,3,2,1,1,1
1994,1,2,1,2,0.166666667,0,1
1995,2,1,2,2,0.333333333,0.636363636,1.75
1996,2,1,2,2,0.166666667,0.454545455,1.5
1997,1,2,2,2,0.166666667,0.454545455,1
1998,1,2,1,2,0.333333333,0.272727273,2
1999,2,2,2,2,0.333333333,0.272727273,2
2000,2,2,2,2,0,0,1.75
2001,2,2,1,2,0.5,0.272727273,1.5
2002,2,2,2,1,0.666666667,0.727272727,1.25
2003,2,1,1,2,0.333333333,0.090909091,1
2004,2,2,1,2,0.333333333,1,1
2005,2,2,1,2,0.666666667,0.181818182,1.25
2006,2,2,1,2,0.5,0.090909091,1.75
2007,2,2,2,2,0.666666667,0.727272727,2
2008,1,1,2,2,0.666666667,0.909090909,1
2009,2,2,2,2,0.666666667,0.181818182,1.5
2010,2,2,2,2,0.333333333,0.090909091,2
2011,2,1,2,1,0.5,0.818181818,1
2012,2,2,2,2,0.333333333,0.636363636,2
2013,2,2,1,2,0.166666667,0,1.5
2014,2,2,2,1,0.5,0.272727273,2
2015,2,2,1,1,0.333333333,0.363636364,1.5
2016,2,2,2,2,0.166666667,0.181818182,1.5
2017,2,2,2,2,0.5,0.090909091,2
2018,1,2,1,2,0.166666667,0.181818182,2
2019,1,2,2,2,0.333333333,0.454545455,1
2020,2,2,3,1,0.166666667,0.363636364,1.75
2021,2,2,2,1,0.333333333,0.454545455,1.5
2022,1,2,1,2,0,0,1.5
2023,2,2,1,2,0.666666667,0,1.5
2024,1,2,2,2,0.333333333,0.181818182,1.25
2025,2,2,2,2,0.5,0,1
2026,2,2,2,2,0.333333333,0.181818182,2
2027,1,2,1,2,0,0.181818182,2
2028,2,2,2,1,0.5,1,1.75
2029,2,2,1,1,0.333333333,0.272727273,2
2030,1,2,2,2,0.333333333,0.090909091,2
2031,2,2,3,2,0.833333333,0.454545455,1
2032,2,2,1,2,0.5,0.363636364,2
2033,2,2,1,1,0.666666667,0.272727273,1.25
2034,2,2,3,1,0.666666667,0.818181818,2
2035,1,2,3,1,0.5,0.454545455,2
2036,2,2,1,2,0.5,0.545454545,1.75
2037,2,2,2,2,0.333333333,0.909090909,2
2038,2,2,2,2,0.5,0.090909091,1
2039,2,2,1,2,0,0,1.25
2040,1,1,2,2,0.666666667,0.636363636,1.5
2041,1,2,2,2,0.166666667,0.454545455,1.75
2042,1,2,1,1,0.333333333,0.636363636,1
2043,1,2,1,2,0.333333333,0.454545455,1.75
2044,1,2,1,2,0.333333333,0,2
2045,2,2,2,1,0.833333333,0.909090909,1
2046,1,2,2,2,0.833333333,0.090909091,1
2047,2,2,2,2,0.333333333,0.636363636,2
2048,2,2,1,1,0.333333333,0.181818182,1.5
2049,2,2,1,1,0.5,0.181818182,1
2050,2,2,3,2,0.333333333,0.090909091,1.5
2051,2,2,2,2,0.333333333,0.454545455,1.75
2052,1,2,1,2,0.333333333,0.454545455,1.25
2053,2,1,3,1,0,0,2
2054,1,2,1,2,0.166666667,0.090909091,2
2055,2,2,2,2,0.5,0,1.75
2056,1,2,3,2,0.166666667,0.090909091,1
2057,2,2,1,2,0.833333333,0.545454545,1
2058,2,2,1,2,0.333333333,0.363636364,1.75
2059,2,2,1,1,0.166666667,0.363636364,1
2060,2,2,1,2,0.833333333,0.181818182,1
2061,1,2,2,2,0.333333333,0.272727273,1
2062,2,2,1,2,0.166666667,0.090909091,1.25
2063,2,2,1,2,0.666666667,0.272727273,1.75
2064,2,2,1,2,0.333333333,0,1
2065,2,2,3,2,0.166666667,0,1.25
2066,1,2,2,1,0.833333333,0.636363636,1
2067,2,2,2,1,0.333333333,0,2
2068,2,2,2,2,0.666666667,0.272727273,1.5
2069,1,2,1,2,0.166666667,0,1.75
2070,2,2,1,2,0.166666667,0.181818182,2
2071,1,2,1,2,0.333333333,0.090909091,1
2072,1,2,3,2,0.166666667,0.181818182,1
2073,2,2,2,1,0.666666667,0.636363636,1.25
2074,2,2,1,1,0.166666667,0.181818182,1
2075,2,2,2,2,0.333333333,0.636363636,2
2076,2,2,1,1,0.333333333,0.727272727,1.75
2077,2,2,2,2,0.833333333,0.454545455,1.75
2078,1,2,2,2,0.333333333,0,1
2079,2,2,1,2,0.333333333,0.181818182,2
2080,1,2,1,2,0.333333333,0.727272727,1
2081,1,2,1,2,0.333333333,0.181818182,1
2082,2,2,1,2,0.333333333,0.454545455,2
2083,2,2,1,2,0.333333333,0.363636364,2
2084,1,2,1,2,0.333333333,0.363636364,1.5
2085,1,2,2,2,0.333333333,0.181818182,1.25
2086,2,2,1,1,0.333333333,0.272727273,2
2087,2,2,3,1,0.5,0.454545455,2
2088,1,2,1,2,0.833333333,0.545454545,2
2089,2,2,1,2,0.666666667,0.272727273,2
2090,2,2,2,2,0.333333333,0.545454545,1.25
2091,2,2,1,1,0.333333333,0.272727273,1.75
2092,1,2,1,2,0.5,0.181818182,1.25
2093,1,2,1,1,0.333333333,0.090909091,1.75
2094,2,2,1,2,0.666666667,0.272727273,1.25
2095,2,2,1,2,0.333333333,0.090909091,2
2096,2,2,3,2,0.333333333,0.363636364,1.25
2097,2,2,1,1,0.333333333,0.363636364,2
2098,2,2,1,2,0.5,0,1
2099,2,2,2,2,0.166666667,0.090909091,2
2100,1,2,1,2,0.166666667,0.090909091,1.5
2101,2,2,1,2,0.166666667,0.181818182,1.75
2102,1,2,2,2,0.333333333,0.909090909,2
2103,2,2,1,2,0.333333333,0.181818182,1.5
2104,2,2,2,2,0.333333333,0.181818182,1.75
2105,2,2,3,2,0.666666667,0.636363636,1
2106,1,2,2,2,0.166666667,0.272727273,2
2107,1,2,3,2,0.333333333,0,1.25
2108,2,2,2,2,0.666666667,0.636363636,1
2109,1,2,1,2,0.5,0.636363636,1.75
2110,2,2,1,2,0.166666667,0.181818182,1.5
2111,1,2,1,2,0.666666667,0.363636364,1.25
2112,2,2,1,2,0.333333333,0,1.75
2113,2,2,1,2,0.166666667,0.181818182,1.75
2114,2,2,2,1,0,0.181818182,1.75
2115,2,2,1,2,0.666666667,0,1.75
2116,2,2,2,2,0.166666667,0.363636364,2
2117,1,2,1,2,0.166666667,0,1.25
2118,2,2,2,2,0.666666667,1,1.25
2119,2,2,1,2,0,0,1.5
2120,2,2,2,2,0.333333333,0.090909091,1.5
2121,1,2,1,1,0.666666667,0.727272727,1
2122,2,2,3,2,0.166666667,0,2
2123,1,2,1,2,0.5,0.454545455,1.25
2124,2,2,3,2,0.666666667,0.363636364,1.75
2125,1,2,2,1,0.666666667,0.545454545,1.75
2126,2,2,1,2,0.333333333,0.090909091,1.5
2127,1,2,2,2,0.666666667,0.363636364,1
2128,2,2,2,2,0.333333333,0,2
2129,2,2,2,2,0.666666667,0.272727273,1
2130,2,2,1,2,0.333333333,0.272727273,1
2131,2,2,1,2,0.333333333,0.090909091,2
2132,2,2,2,2,0.666666667,1,1
2133,1,2,1,1,0.166666667,0.272727273,1
2134,2,2,2,2,0.833333333,0.363636364,1
2135,2,2,2,1,0.166666667,0.545454545,1
2136,2,2,2,2,0.5,0.090909091,2
2137,2,2,2,2,0.666666667,0.181818182,2
2138,2,2,3,2,0.166666667,0,1.25
2139,2,2,2,1,0.833333333,0.545454545,2
2140,2,2,2,2,0.666666667,0.181818182,1.75
2141,1,2,1,2,0.666666667,0.272727273,1.25
2142,2,2,1,2,0.333333333,0.545454545,1
2143,1,2,1,2,0.333333333,0.181818182,1
2144,2,2,2,2,0.833333333,0.909090909,1.5
2145,2,2,2,2,0.333333333,0,2
2146,2,2,1,2,0.166666667,0.909090909,1.5
2147,2,2,1,2,0,0.181818182,1
2148,1,2,1,2,0.833333333,0.818181818,1.5
2149,2,2,3,2,0.166666667,0.090909091,1.5
2150,2,2,2,2,0.833333333,0.909090909,1.25
2151,2,2,1,2,0.333333333,0.181818182,2
2152,2,2,2,2,0.166666667,0,1.5
2153,1,2,1,2,0.333333333,0.545454545,1
2155,1,2,1,2,0.333333333,0.181818182,1
2156,2,2,1,2,0.333333333,0.090909091,2
2157,1,2,2,2,0.333333333,0.909090909,1
2158,1,2,2,1,0.833333333,0.181818182,1.75
2159,2,2,2,1,0.333333333,0.363636364,1.75
2160,2,2,2,2,0.666666667,0.363636364,1.75
2161,1,2,1,1,0.166666667,0.272727273,1.5
2162,2,2,2,2,0.166666667,1,1.5
2163,1,2,1,2,0.333333333,0.727272727,1
2164,1,2,2,2,0.333333333,1,1.5
2165,2,2,1,1,0.666666667,0.454545455,1.75
2166,2,2,2,2,0.666666667,0.272727273,1.25
2167,1,2,1,2,0.166666667,0.181818182,1.25
2168,1,2,1,2,0.333333333,0.272727273,1.5
2169,1,1,2,2,0.666666667,0.909090909,1.75
2170,2,2,2,2,0.666666667,0.636363636,1
2171,1,2,1,2,0.333333333,0,2
2172,1,2,1,2,0.666666667,0.909090909,1.25
2173,2,2,1,2,0.333333333,0.636363636,1.25
2174,1,2,1,2,0.333333333,0.181818182,1
2175,1,2,3,2,0.166666667,0.090909091,1
2176,1,2,1,1,0,0.363636364,1
2177,2,2,1,2,0.666666667,0.454545455,1.25
2178,1,2,1,2,0.166666667,0.272727273,1
2179,2,2,2,1,0.5,0.909090909,1.5
2180,2,2,2,2,0.166666667,0.545454545,2
2181,2,2,2,2,0.333333333,0.363636364,1
2182,2,2,1,2,0.5,0.181818182,1.5
2183,1,1,3,1,0.166666667,0.363636364,1.25
2184,2,2,1,2,0.333333333,0.181818182,2
2185,2,2,1,2,0.166666667,0.090909091,1.5
2186,2,2,1,2,0.333333333,0.454545455,1
2187,2,2,1,1,0.333333333,0.272727273,1.75
2188,2,2,1,2,0.833333333,0.545454545,1.5
2189,2,2,1,1,0.333333333,0.363636364,1.75
2190,2,2,2,2,0.5,0.454545455,1
2191,2,2,1,2,0.833333333,1,1.5
2192,2,2,3,1,0.166666667,0,1
2193,1,2,2,1,0.5,0.818181818,1.5
2194,2,2,1,1,0.333333333,0.181818182,2
